,Fecha,CMg,Mes
0,2024-01-01 00:30,23.122663340336135,1
1,2024-01-01 01:00,23.124206144957984,1
2,2024-01-01 01:30,23.129976102941175,1
3,2024-01-01 02:00,23.08784532563025,1
4,2024-01-01 02:30,23.084678571428572,1
5,2024-01-01 03:00,23.07115782563025,1
6,2024-01-01 03:30,23.03948030462185,1
7,2024-01-01 04:00,23.028331932773114,1
8,2024-01-01 04:30,23.01801785714286,1
9,2024-01-01 05:00,22.98739837184874,1
10,2024-01-01 05:30,22.97979963235294,1
11,2024-01-01 06:00,22.976915966386553,1
12,2024-01-01 06:30,3.0198852415966386,1
13,2024-01-01 07:00,0.7031541491596639,1
14,2024-01-01 07:30,0.6958245798319328,1
15,2024-01-01 08:00,0.6919157037815127,1
16,2024-01-01 08:30,2.957736081932773,1
17,2024-01-01 09:00,3.0113713235294117,1
18,2024-01-01 09:30,0.6656825105042017,1
19,2024-01-01 10:00,0.6772862394957984,1
20,2024-01-01 10:30,0.6814422268907563,1
21,2024-01-01 11:00,0.6969398634453782,1
22,2024-01-01 11:30,0.6833986344537816,1
23,2024-01-01 12:00,0.6845249474789916,1
24,2024-01-01 12:30,0.6856415441176471,1
25,2024-01-01 13:00,0.6874713760504203,1
26,2024-01-01 13:30,0.6872303046218489,1
27,2024-01-01 14:00,0.6841751575630252,1
28,2024-01-01 14:30,0.6761861869747899,1
29,2024-01-01 15:00,0.6747008928571429,1
30,2024-01-01 15:30,0.6746089810924369,1
31,2024-01-01 16:00,0.6748219537815127,1
32,2024-01-01 16:30,0.6780845588235294,1
33,2024-01-01 17:00,0.6760580357142857,1
34,2024-01-01 17:30,0.6881226365546219,1
35,2024-01-01 18:00,0.6999566701680673,1
36,2024-01-01 18:30,25.332381827731094,1
37,2024-01-01 19:00,26.258194327731093,1
38,2024-01-01 19:30,31.513575630252102,1
39,2024-01-01 20:00,37.56653650210084,1
40,2024-01-01 20:30,30.862658088235296,1
41,2024-01-01 21:00,29.119147846638658,1
42,2024-01-01 21:30,28.9692468487395,1
43,2024-01-01 22:00,30.84264128151261,1
44,2024-01-01 22:30,30.81487631302521,1
45,2024-01-01 23:00,30.751956407563025,1
46,2024-01-01 23:30,28.9214918592437,1
47,2024-01-01 23:59,25.305483718487395,1
48,2024-01-02 00:30,23.075472689075628,1
49,2024-01-02 01:00,23.068285451680673,1
50,2024-01-02 01:30,23.044744747899163,1
51,2024-01-02 02:00,23.00854254201681,1
52,2024-01-02 02:30,22.992784663865546,1
53,2024-01-02 03:00,7.728009978991597,1
54,2024-01-02 03:30,0.729077993697479,1
55,2024-01-02 04:00,0.7274611344537816,1
56,2024-01-02 04:30,0.7296137079831934,1
57,2024-01-02 05:00,0.7227305672268908,1
58,2024-01-02 05:30,0.7173799894957984,1
59,2024-01-02 06:00,23.049963760504202,1
60,2024-01-02 06:30,23.036699842436978,1
61,2024-01-02 07:00,4.125961397058823,1
62,2024-01-02 07:30,23.12057510504202,1
63,2024-01-02 08:00,23.464623949579835,1
64,2024-01-02 08:30,25.320639968487395,1
65,2024-01-02 09:00,28.374672006302525,1
66,2024-01-02 09:30,28.641939075630255,1
67,2024-01-02 10:00,34.91261869747899,1
68,2024-01-02 10:30,28.34905987394958,1
69,2024-01-02 11:00,28.735012867647058,1
70,2024-01-02 11:30,26.84879805672269,1
71,2024-01-02 12:00,26.913610294117646,1
72,2024-01-02 12:30,25.21679017857143,1
73,2024-01-02 13:00,25.180964810924372,1
74,2024-01-02 13:30,25.152294642857143,1
75,2024-01-02 14:00,25.135335084033613,1
76,2024-01-02 14:30,25.424883403361346,1
77,2024-01-02 15:00,25.221183035714287,1
78,2024-01-02 15:30,34.946717699579835,1
79,2024-01-02 16:00,28.670696165966387,1
80,2024-01-02 16:30,28.889622111344536,1
81,2024-01-02 17:00,28.88130619747899,1
82,2024-01-02 17:30,29.055177521008407,1
83,2024-01-02 18:00,28.99452048319328,1
84,2024-01-02 18:30,28.964254726890758,1
85,2024-01-02 19:00,35.22024737394958,1
86,2024-01-02 19:30,29.899373949579832,1
87,2024-01-02 20:00,30.95780068277311,1
88,2024-01-02 20:30,25.334502100840336,1
89,2024-01-02 21:00,25.33987631302521,1
90,2024-01-02 21:30,25.39484375,1
91,2024-01-02 22:00,31.05729254201681,1
92,2024-01-02 22:30,31.055811449579835,1
93,2024-01-02 23:00,25.336000262605044,1
94,2024-01-02 23:30,25.167896533613444,1
95,2024-01-02 23:59,23.737086397058825,1
96,2024-01-03 00:30,23.337423319327733,1
97,2024-01-03 01:00,23.413935399159662,1
98,2024-01-03 01:30,23.39716386554622,1
99,2024-01-03 02:00,23.317776523109245,1
100,2024-01-03 02:30,23.112964023109246,1
101,2024-01-03 03:00,23.10680094537815,1
102,2024-01-03 03:30,23.10176391806723,1
103,2024-01-03 04:00,23.09361948529412,1
104,2024-01-03 04:30,23.096120273109243,1
105,2024-01-03 05:00,23.09648161764706,1
106,2024-01-03 05:30,23.24934007352941,1
107,2024-01-03 06:00,23.822099527310925,1
108,2024-01-03 06:30,7.531743960084034,1
109,2024-01-03 07:00,0.74159375,1
110,2024-01-03 07:30,23.445266806722692,1
111,2024-01-03 08:00,23.227583771008405,1
112,2024-01-03 08:30,25.24218172268908,1
113,2024-01-03 09:00,25.359532825630254,1
114,2024-01-03 09:30,25.28243198529412,1
115,2024-01-03 10:00,25.333598476890757,1
116,2024-01-03 10:30,28.70494905462185,1
117,2024-01-03 11:00,34.939462447478995,1
118,2024-01-03 11:30,34.94056670168067,1
119,2024-01-03 12:00,34.941301207983194,1
120,2024-01-03 12:30,30.862317226890756,1
121,2024-01-03 13:00,27.62128492647059,1
122,2024-01-03 13:30,25.596055147058827,1
123,2024-01-03 14:00,27.462308035714287,1
124,2024-01-03 14:30,34.60521927521009,1
125,2024-01-03 15:00,34.8968387605042,1
126,2024-01-03 15:30,34.91808954831933,1
127,2024-01-03 16:00,34.9000099789916,1
128,2024-01-03 16:30,34.90795010504202,1
129,2024-01-03 17:00,33.84934112394958,1
130,2024-01-03 17:30,33.19458508403361,1
131,2024-01-03 18:00,25.231394432773108,1
132,2024-01-03 18:30,25.401364495798322,1
133,2024-01-03 19:00,34.86483455882353,1
134,2024-01-03 19:30,34.929714548319325,1
135,2024-01-03 20:00,35.29932116596639,1
136,2024-01-03 20:30,35.04678203781513,1
137,2024-01-03 21:00,34.94926654411765,1
138,2024-01-03 21:30,34.88385005252101,1
139,2024-01-03 22:00,34.72481512605042,1
140,2024-01-03 22:30,35.07248581932773,1
141,2024-01-03 23:00,34.8063981092437,1
142,2024-01-03 23:30,25.269967699579833,1
143,2024-01-03 23:59,25.197434086134457,1
144,2024-01-04 00:30,23.209930672268907,1
145,2024-01-04 01:00,23.19911213235294,1
146,2024-01-04 01:30,23.15659742647059,1
147,2024-01-04 02:00,23.123332720588238,1
148,2024-01-04 02:30,23.076664390756306,1
149,2024-01-04 03:00,23.08066097689076,1
150,2024-01-04 03:30,23.09796822478992,1
151,2024-01-04 04:00,23.100051470588237,1
152,2024-01-04 04:30,23.111047531512604,1
153,2024-01-04 05:00,23.13789837184874,1
154,2024-01-04 05:30,23.165307773109244,1
155,2024-01-04 06:00,23.128554096638656,1
156,2024-01-04 06:30,23.115407037815128,1
157,2024-01-04 07:00,23.155301733193276,1
158,2024-01-04 07:30,23.35816911764706,1
159,2024-01-04 08:00,23.460891544117647,1
160,2024-01-04 08:30,23.707420955882355,1
161,2024-01-04 09:00,25.136537027310926,1
162,2024-01-04 09:30,25.32901155462185,1
163,2024-01-04 10:00,25.378987394957985,1
164,2024-01-04 10:30,25.486907825630254,1
165,2024-01-04 11:00,25.487939338235293,1
166,2024-01-04 11:30,25.48546901260504,1
167,2024-01-04 12:00,25.500846638655464,1
168,2024-01-04 12:30,25.432028098739497,1
169,2024-01-04 13:00,25.336711397058824,1
170,2024-01-04 13:30,25.310208508403363,1
171,2024-01-04 14:00,25.36289259453782,1
172,2024-01-04 14:30,25.507152836134455,1
173,2024-01-04 15:00,25.50676181722689,1
174,2024-01-04 15:30,25.493065388655463,1
175,2024-01-04 16:00,25.499309348739498,1
176,2024-01-04 16:30,25.38808718487395,1
177,2024-01-04 17:00,25.463134978991597,1
178,2024-01-04 17:30,25.351889968487395,1
179,2024-01-04 18:00,25.021914128151263,1
180,2024-01-04 18:30,25.22719669117647,1
181,2024-01-04 19:00,25.46484742647059,1
182,2024-01-04 19:30,25.480661239495802,1
183,2024-01-04 20:00,25.577510241596638,1
184,2024-01-04 20:30,25.52469669117647,1
185,2024-01-04 21:00,25.497005777310925,1
186,2024-01-04 21:30,25.44200393907563,1
187,2024-01-04 22:00,25.35431486344538,1
188,2024-01-04 22:30,25.290036239495798,1
189,2024-01-04 23:00,25.18391386554622,1
190,2024-01-04 23:30,25.076844012605044,1
191,2024-01-04 23:59,23.76964705882353,1
192,2024-01-05 00:30,23.263554096638657,1
193,2024-01-05 01:00,23.243173581932776,1
194,2024-01-05 01:30,23.218048581932774,1
195,2024-01-05 02:00,23.172348476890757,1
196,2024-01-05 02:30,23.1759606092437,1
197,2024-01-05 03:00,23.167178571428575,1
198,2024-01-05 03:30,23.190344012605042,1
199,2024-01-05 04:00,23.171574842436975,1
200,2024-01-05 04:30,23.18441780462185,1
201,2024-01-05 05:00,23.19313681722689,1
202,2024-01-05 05:30,23.198654149159665,1
203,2024-01-05 06:00,23.198719537815126,1
204,2024-01-05 06:30,23.206014705882353,1
205,2024-01-05 07:00,23.158161764705884,1
206,2024-01-05 07:30,24.024132352941177,1
207,2024-01-05 08:00,24.48822531512605,1
208,2024-01-05 08:30,26.210345325630254,1
209,2024-01-05 09:00,26.31923030462185,1
210,2024-01-05 09:30,31.008041228991598,1
211,2024-01-05 10:00,36.70896533613446,1
212,2024-01-05 10:30,37.12587237394958,1
213,2024-01-05 11:00,37.71813524159664,1
214,2024-01-05 11:30,39.26965178571429,1
215,2024-01-05 12:00,37.805890756302524,1
216,2024-01-05 12:30,37.85048398109244,1
217,2024-01-05 13:00,37.817595850840334,1
218,2024-01-05 13:30,23.385467436974793,1
219,2024-01-05 14:00,23.38082536764706,1
220,2024-01-05 14:30,23.383554884453783,1
221,2024-01-05 15:00,23.37331118697479,1
222,2024-01-05 15:30,31.07534585084034,1
223,2024-01-05 16:00,31.073677783613448,1
224,2024-01-05 16:30,31.093836397058823,1
225,2024-01-05 17:00,31.07107142857143,1
226,2024-01-05 17:30,35.0002155987395,1
227,2024-01-05 18:00,25.4481168592437,1
228,2024-01-05 18:30,35.37193881302522,1
229,2024-01-05 19:00,44.488168067226894,1
230,2024-01-05 19:30,44.717331932773114,1
231,2024-01-05 20:00,45.17478834033614,1
232,2024-01-05 20:30,45.27949343487395,1
233,2024-01-05 21:00,44.629428046218486,1
234,2024-01-05 21:30,44.11898004201681,1
235,2024-01-05 22:00,44.50018828781513,1
236,2024-01-05 22:30,34.94544826680673,1
237,2024-01-05 23:00,35.598044380252105,1
238,2024-01-05 23:30,25.931578518907564,1
239,2024-01-05 23:59,23.224612394957983,1
240,2024-01-06 00:30,24.298984768907566,1
241,2024-01-06 01:00,24.273487394957986,1
242,2024-01-06 01:30,23.51405803571429,1
243,2024-01-06 02:00,23.50884243697479,1
244,2024-01-06 02:30,23.47882116596639,1
245,2024-01-06 03:00,23.447509453781514,1
246,2024-01-06 03:30,23.457301207983193,1
247,2024-01-06 04:00,23.470051995798322,1
248,2024-01-06 04:30,23.472922006302525,1
249,2024-01-06 05:00,23.4887056197479,1
250,2024-01-06 05:30,23.493628151260506,1
251,2024-01-06 06:00,23.455211397058825,1
252,2024-01-06 06:30,23.44508429621849,1
253,2024-01-06 07:00,23.44336922268908,1
254,2024-01-06 07:30,23.446405199579832,1
255,2024-01-06 08:00,23.71523424369748,1
256,2024-01-06 08:30,23.851868434873953,1
257,2024-01-06 09:00,23.747936712184874,1
258,2024-01-06 09:30,25.57036055672269,1
259,2024-01-06 10:00,23.588607668067226,1
260,2024-01-06 10:30,26.80626523109244,1
261,2024-01-06 11:00,25.80421087184874,1
262,2024-01-06 11:30,25.815721901260506,1
263,2024-01-06 12:00,25.82892305672269,1
264,2024-01-06 12:30,25.83036607142857,1
265,2024-01-06 13:00,25.81679543067227,1
266,2024-01-06 13:30,24.702599264705885,1
267,2024-01-06 14:00,24.726250787815125,1
268,2024-01-06 14:30,24.70318592436975,1
269,2024-01-06 15:00,24.26431512605042,1
270,2024-01-06 15:30,24.40661659663866,1
271,2024-01-06 16:00,24.590821953781514,1
272,2024-01-06 16:30,24.34039942226891,1
273,2024-01-06 17:00,24.663112920168068,1
274,2024-01-06 17:30,24.629687762605045,1
275,2024-01-06 18:00,24.254102678571428,1
276,2024-01-06 18:30,25.27591412815126,1
277,2024-01-06 19:00,26.62058954831933,1
278,2024-01-06 19:30,26.66783587184874,1
279,2024-01-06 20:00,26.785674369747902,1
280,2024-01-06 20:30,26.41060267857143,1
281,2024-01-06 21:00,25.990898371848743,1
282,2024-01-06 21:30,26.051091386554624,1
283,2024-01-06 22:00,26.234105829831933,1
284,2024-01-06 22:30,26.24218697478992,1
285,2024-01-06 23:00,25.640198792016808,1
286,2024-01-06 23:30,24.33284978991597,1
287,2024-01-06 23:59,24.01610267857143,1
288,2024-01-07 00:30,25.017406512605042,1
289,2024-01-07 01:00,24.164573266806723,1
290,2024-01-07 01:30,23.844074842436974,1
291,2024-01-07 02:00,23.89699317226891,1
292,2024-01-07 02:30,23.830077468487396,1
293,2024-01-07 03:00,23.64832352941177,1
294,2024-01-07 03:30,24.599600315126054,1
295,2024-01-07 04:00,23.79713550420168,1
296,2024-01-07 04:30,23.726651785714285,1
297,2024-01-07 05:00,23.69614417016807,1
298,2024-01-07 05:30,23.755659138655464,1
299,2024-01-07 06:00,23.748037027310925,1
300,2024-01-07 06:30,23.467190651260506,1
301,2024-01-07 07:00,0.7336299894957984,1
302,2024-01-07 07:30,0.7292358193277312,1
303,2024-01-07 08:00,22.82814837184874,1
304,2024-01-07 08:30,23.51571323529412,1
305,2024-01-07 09:00,23.536392594537816,1
306,2024-01-07 09:30,24.71493907563025,1
307,2024-01-07 10:00,24.650586922268907,1
308,2024-01-07 10:30,24.793783350840336,1
309,2024-01-07 11:00,24.690735819327735,1
310,2024-01-07 11:30,24.90155488445378,1
311,2024-01-07 12:00,24.83360162815126,1
312,2024-01-07 12:30,23.66294117647059,1
313,2024-01-07 13:00,23.658521271008407,1
314,2024-01-07 13:30,23.688831407563026,1
315,2024-01-07 14:00,23.679818277310925,1
316,2024-01-07 14:30,23.692478203781512,1
317,2024-01-07 15:00,23.737549894957983,1
318,2024-01-07 15:30,23.637227153361344,1
319,2024-01-07 16:00,23.604169905462186,1
320,2024-01-07 16:30,23.600996586134457,1
321,2024-01-07 17:00,23.592750000000002,1
322,2024-01-07 17:30,23.618136029411765,1
323,2024-01-07 18:00,23.653681197478992,1
324,2024-01-07 18:30,25.406332457983194,1
325,2024-01-07 19:00,33.49866596638656,1
326,2024-01-07 19:30,32.12792016806723,1
327,2024-01-07 20:00,32.96579831932773,1
328,2024-01-07 20:30,33.526562762605046,1
329,2024-01-07 21:00,32.17035504201681,1
330,2024-01-07 21:30,31.810000787815127,1
331,2024-01-07 22:00,31.406258140756304,1
332,2024-01-07 22:30,25.680935661764707,1
333,2024-01-07 23:00,24.19940730042017,1
334,2024-01-07 23:30,23.67326155462185,1
335,2024-01-07 23:59,23.64835819327731,1
336,2024-01-08 00:30,23.731547006302524,1
337,2024-01-08 01:00,23.647761292016806,1
338,2024-01-08 01:30,23.620985031512607,1
339,2024-01-08 02:00,23.616317226890757,1
340,2024-01-08 02:30,23.5792762605042,1
341,2024-01-08 03:00,23.57767962184874,1
342,2024-01-08 03:30,23.5572318802521,1
343,2024-01-08 04:00,23.54986974789916,1
344,2024-01-08 04:30,23.583375525210084,1
345,2024-01-08 05:00,23.59368356092437,1
346,2024-01-08 05:30,23.638671481092437,1
347,2024-01-08 06:00,23.61752599789916,1
348,2024-01-08 06:30,23.63782799369748,1
349,2024-01-08 07:00,23.647906775210085,1
350,2024-01-08 07:30,23.657321953781512,1
351,2024-01-08 08:00,23.721028623949582,1
352,2024-01-08 08:30,28.904677258403364,1
353,2024-01-08 09:00,29.004309348739497,1
354,2024-01-08 09:30,35.353694852941175,1
355,2024-01-08 10:00,35.348884191176474,1
356,2024-01-08 10:30,36.17847505252101,1
357,2024-01-08 11:00,36.1489243697479,1
358,2024-01-08 11:30,37.79028335084033,1
359,2024-01-08 12:00,35.35516964285714,1
360,2024-01-08 12:30,35.35544852941177,1
361,2024-01-08 13:00,35.35558140756302,1
362,2024-01-08 13:30,35.355702468487394,1
363,2024-01-08 14:00,35.35638209033613,1
364,2024-01-08 14:30,35.35579753151261,1
365,2024-01-08 15:00,40.79213865546219,1
366,2024-01-08 15:30,40.28669721638656,1
367,2024-01-08 16:00,40.694033876050426,1
368,2024-01-08 16:30,40.49283902310925,1
369,2024-01-08 17:00,39.438451943277315,1
370,2024-01-08 17:30,39.24495824579832,1
371,2024-01-08 18:00,39.0281675420168,1
372,2024-01-08 18:30,39.28095955882353,1
373,2024-01-08 19:00,35.35982720588236,1
374,2024-01-08 19:30,35.35938287815126,1
375,2024-01-08 20:00,35.3532844012605,1
376,2024-01-08 20:30,35.349640231092444,1
377,2024-01-08 21:00,35.35113918067228,1
378,2024-01-08 21:30,36.44698581932773,1
379,2024-01-08 22:00,36.35560793067227,1
380,2024-01-08 22:30,36.16211397058824,1
381,2024-01-08 23:00,35.38949894957984,1
382,2024-01-08 23:30,36.175477678571426,1
383,2024-01-08 23:59,35.03837972689076,1
384,2024-01-09 00:30,24.887611344537817,1
385,2024-01-09 01:00,23.740941701680676,1
386,2024-01-09 01:30,23.69714417016807,1
387,2024-01-09 02:00,23.604940913865548,1
388,2024-01-09 02:30,23.609662027310925,1
389,2024-01-09 03:00,23.57302704831933,1
390,2024-01-09 03:30,23.588875,1
391,2024-01-09 04:00,23.57787893907563,1
392,2024-01-09 04:30,23.595414128151262,1
393,2024-01-09 05:00,23.63229044117647,1
394,2024-01-09 05:30,23.659296743697478,1
395,2024-01-09 06:00,23.705091649159666,1
396,2024-01-09 06:30,23.725037289915967,1
397,2024-01-09 07:00,23.661616071428572,1
398,2024-01-09 07:30,24.199923581932772,1
399,2024-01-09 08:00,25.068821428571432,1
400,2024-01-09 08:30,25.59285031512605,1
401,2024-01-09 09:00,25.715791754201682,1
402,2024-01-09 09:30,44.42022610294118,1
403,2024-01-09 10:00,44.38258167016807,1
404,2024-01-09 10:30,44.92070246848739,1
405,2024-01-09 11:00,44.990539653361346,1
406,2024-01-09 11:30,44.92426838235295,1
407,2024-01-09 12:00,44.87302048319328,1
408,2024-01-09 12:30,44.9527300420168,1
409,2024-01-09 13:00,44.54131171218488,1
410,2024-01-09 13:30,25.97162631302521,1
411,2024-01-09 14:00,26.0007056197479,1
412,2024-01-09 14:30,40.46639784663866,1
413,2024-01-09 15:00,41.1333012079832,1
414,2024-01-09 15:30,29.420492647058825,1
415,2024-01-09 16:00,29.250407037815126,1
416,2024-01-09 16:30,26.241845588235297,1
417,2024-01-09 17:00,25.737195115546218,1
418,2024-01-09 17:30,25.608558560924372,1
419,2024-01-09 18:00,25.5791662289916,1
420,2024-01-09 18:30,25.59861055672269,1
421,2024-01-09 19:00,25.969330882352942,1
422,2024-01-09 19:30,25.934369485294116,1
423,2024-01-09 20:00,25.951808823529415,1
424,2024-01-09 20:30,25.939319852941175,1
425,2024-01-09 21:00,25.927395483193276,1
426,2024-01-09 21:30,25.890587710084034,1
427,2024-01-09 22:00,25.88860005252101,1
428,2024-01-09 22:30,25.98304280462185,1
429,2024-01-09 23:00,25.87780803571429,1
430,2024-01-09 23:30,25.53226706932773,1
431,2024-01-09 23:59,25.448886029411764,1
432,2024-01-10 00:30,23.727835346638656,1
433,2024-01-10 01:00,23.600910451680672,1
434,2024-01-10 01:30,23.5437237394958,1
435,2024-01-10 02:00,7.705175945378151,1
436,2024-01-10 02:30,7.753193802521009,1
437,2024-01-10 03:00,7.745369222689076,1
438,2024-01-10 03:30,0.7364411764705883,1
439,2024-01-10 04:00,0.7342975315126051,1
440,2024-01-10 04:30,0.7380890231092436,1
441,2024-01-10 05:00,0.7364658613445378,1
442,2024-01-10 05:30,23.33177468487395,1
443,2024-01-10 06:00,23.579854516806723,1
444,2024-01-10 06:30,23.605977941176473,1
445,2024-01-10 07:00,23.63133324579832,1
446,2024-01-10 07:30,23.753051733193278,1
447,2024-01-10 08:00,25.511434611344537,1
448,2024-01-10 08:30,25.554592962184877,1
449,2024-01-10 09:00,25.647312237394956,1
450,2024-01-10 09:30,25.83287867647059,1
451,2024-01-10 10:00,25.70782536764706,1
452,2024-01-10 10:30,26.04973923319328,1
453,2024-01-10 11:00,26.06357326680672,1
454,2024-01-10 11:30,26.08303650210084,1
455,2024-01-10 12:00,26.05057142857143,1
456,2024-01-10 12:30,26.490778098739497,1
457,2024-01-10 13:00,26.020847689075634,1
458,2024-01-10 13:30,25.974782825630253,1
459,2024-01-10 14:00,25.998495010504204,1
460,2024-01-10 14:30,25.65884138655462,1
461,2024-01-10 15:00,26.01670430672269,1
462,2024-01-10 15:30,26.012263655462185,1
463,2024-01-10 16:00,25.672840336134453,1
464,2024-01-10 16:30,26.047667016806724,1
465,2024-01-10 17:00,25.941000787815128,1
466,2024-01-10 17:30,25.56634375,1
467,2024-01-10 18:00,23.75516517857143,1
468,2024-01-10 18:30,23.75038392857143,1
469,2024-01-10 19:00,25.972801733193275,1
470,2024-01-10 19:30,26.03633455882353,1
471,2024-01-10 20:00,26.042497899159663,1
472,2024-01-10 20:30,26.223495273109247,1
473,2024-01-10 21:00,26.22522531512605,1
474,2024-01-10 21:30,26.083451155462186,1
475,2024-01-10 22:00,25.9108043592437,1
476,2024-01-10 22:30,25.552485031512607,1
477,2024-01-10 23:00,25.08473792016807,1
478,2024-01-10 23:30,23.665186974789915,1
479,2024-01-10 23:59,24.309378939075632,1
480,2024-01-11 00:30,7.746107405462185,1
481,2024-01-11 01:00,0.7289280462184875,1
482,2024-01-11 01:30,0.7374248949579832,1
483,2024-01-11 02:00,0.7308826155462186,1
484,2024-01-11 02:30,0.7306184348739496,1
485,2024-01-11 03:00,0.7238757878151261,1
486,2024-01-11 03:30,0.7283469012605042,1
487,2024-01-11 04:00,0.7314558823529412,1
488,2024-01-11 04:30,0.7361917016806724,1
489,2024-01-11 05:00,0.7294041491596639,1
490,2024-01-11 05:30,0.7290367647058823,1
491,2024-01-11 06:00,0.7335569852941176,1
492,2024-01-11 06:30,0.707265493697479,1
493,2024-01-11 07:00,0.7118054096638655,1
494,2024-01-11 07:30,7.770662552521008,1
495,2024-01-11 08:00,23.684455357142856,1
496,2024-01-11 08:30,23.901556197478993,1
497,2024-01-11 09:00,25.384566701680672,1
498,2024-01-11 09:30,25.498047531512604,1
499,2024-01-11 10:00,26.007378413865545,1
500,2024-01-11 10:30,26.08499343487395,1
501,2024-01-11 11:00,25.687310924369747,1
502,2024-01-11 11:30,26.10962237394958,1
503,2024-01-11 12:00,26.144937762605043,1
504,2024-01-11 12:30,26.028764180672272,1
505,2024-01-11 13:00,25.657159138655462,1
506,2024-01-11 13:30,25.58836948529412,1
507,2024-01-11 14:00,25.687794642857142,1
508,2024-01-11 14:30,25.978456670168068,1
509,2024-01-11 15:00,25.582315913865546,1
510,2024-01-11 15:30,25.610570640756304,1
511,2024-01-11 16:00,25.604748949579832,1
512,2024-01-11 16:30,25.602181722689078,1
513,2024-01-11 17:00,25.58267200630252,1
514,2024-01-11 17:30,25.572487132352943,1
515,2024-01-11 18:00,24.49868461134454,1
516,2024-01-11 18:30,25.520930147058824,1
517,2024-01-11 19:00,25.98821875,1
518,2024-01-11 19:30,26.028205882352943,1
519,2024-01-11 20:00,26.065022058823534,1
520,2024-01-11 20:30,26.01717725840336,1
521,2024-01-11 21:00,26.021981092436974,1
522,2024-01-11 21:30,25.986696691176473,1
523,2024-01-11 22:00,25.9467056197479,1
524,2024-01-11 22:30,25.95136554621849,1
525,2024-01-11 23:00,25.372679096638656,1
526,2024-01-11 23:30,25.31956092436975,1
527,2024-01-11 23:59,25.33004910714286,1
528,2024-01-12 00:30,25.785605042016808,1
529,2024-01-12 01:00,25.743415966386557,1
530,2024-01-12 01:30,26.605555409663868,1
531,2024-01-12 02:00,25.960060399159662,1
532,2024-01-12 02:30,26.206821953781514,1
533,2024-01-12 03:00,26.358254201680673,1
534,2024-01-12 03:30,26.126113970588236,1
535,2024-01-12 04:00,25.990264705882353,1
536,2024-01-12 04:30,25.87195693277311,1
537,2024-01-12 05:00,25.900142594537815,1
538,2024-01-12 05:30,25.90969222689076,1
539,2024-01-12 06:00,25.22372505252101,1
540,2024-01-12 06:30,0.7259960609243697,1
541,2024-01-12 07:00,0.7344338235294119,1
542,2024-01-12 07:30,25.858418067226893,1
543,2024-01-12 08:00,26.30969117647059,1
544,2024-01-12 08:30,26.958855829831933,1
545,2024-01-12 09:00,36.64845588235294,1
546,2024-01-12 09:30,36.27995010504202,1
547,2024-01-12 10:00,36.92216150210084,1
548,2024-01-12 10:30,36.713030462184875,1
549,2024-01-12 11:00,37.40659086134454,1
550,2024-01-12 11:30,37.778146796218486,1
551,2024-01-12 12:00,35.35816228991597,1
552,2024-01-12 12:30,35.36171980042017,1
553,2024-01-12 13:00,35.33026680672269,1
554,2024-01-12 13:30,34.602036764705886,1
555,2024-01-12 14:00,31.517459296218487,1
556,2024-01-12 14:30,31.52513786764706,1
557,2024-01-12 15:00,36.640566701680676,1
558,2024-01-12 15:30,36.71483088235294,1
559,2024-01-12 16:00,35.63133114495799,1
560,2024-01-12 16:30,35.350699842436974,1
561,2024-01-12 17:00,36.48456328781513,1
562,2024-01-12 17:30,35.84184138655463,1
563,2024-01-12 18:00,35.01023030462186,1
564,2024-01-12 18:30,35.84825026260504,1
565,2024-01-12 19:00,34.57713156512605,1
566,2024-01-12 19:30,34.55805777310925,1
567,2024-01-12 20:00,34.60814653361345,1
568,2024-01-12 20:30,34.54536160714286,1
569,2024-01-12 21:00,34.58103676470588,1
570,2024-01-12 21:30,34.549055409663865,1
571,2024-01-12 22:00,34.52860084033614,1
572,2024-01-12 22:30,36.531437762605044,1
573,2024-01-12 23:00,36.68055698529412,1
574,2024-01-12 23:30,35.49427862394958,1
575,2024-01-12 23:59,27.961355567226892,1
576,2024-01-13 00:30,25.52303256302521,1
577,2024-01-13 01:00,25.334071691176472,1
578,2024-01-13 01:30,24.954415441176472,1
579,2024-01-13 02:00,24.628698529411768,1
580,2024-01-13 02:30,24.501154149159664,1
581,2024-01-13 03:00,24.834270483193276,1
582,2024-01-13 03:30,24.458580094537815,1
583,2024-01-13 04:00,0.7157418592436975,1
584,2024-01-13 04:30,24.90944774159664,1
585,2024-01-13 05:00,24.53862368697479,1
586,2024-01-13 05:30,0.7168043592436976,1
587,2024-01-13 06:00,0.7215921743697479,1
588,2024-01-13 06:30,24.30271980042017,1
589,2024-01-13 07:00,0.7216801470588236,1
590,2024-01-13 07:30,24.56096218487395,1
591,2024-01-13 08:00,25.037310661764707,1
592,2024-01-13 08:30,25.65095273109244,1
593,2024-01-13 09:00,25.063904411764707,1
594,2024-01-13 09:30,34.0648799894958,1
595,2024-01-13 10:00,34.997324842436974,1
596,2024-01-13 10:30,35.0084143907563,1
597,2024-01-13 11:00,35.06976050420168,1
598,2024-01-13 11:30,34.934543855042016,1
599,2024-01-13 12:00,34.08873109243698,1
600,2024-01-13 12:30,28.134904674369746,1
601,2024-01-13 13:00,25.97240598739496,1
602,2024-01-13 13:30,25.50969800420168,1
603,2024-01-13 14:00,25.490561449579832,1
604,2024-01-13 14:30,25.45130042016807,1
605,2024-01-13 15:00,25.47529411764706,1
606,2024-01-13 15:30,25.474480042016808,1
607,2024-01-13 16:00,25.423082720588237,1
608,2024-01-13 16:30,25.463480829831934,1
609,2024-01-13 17:00,25.460410451680673,1
610,2024-01-13 17:30,25.41432011554622,1
611,2024-01-13 18:00,25.407440651260508,1
612,2024-01-13 18:30,25.59879149159664,1
613,2024-01-13 19:00,27.38026155462185,1
614,2024-01-13 19:30,36.59875630252101,1
615,2024-01-13 20:00,31.24332668067227,1
616,2024-01-13 20:30,34.10513025210084,1
617,2024-01-13 21:00,34.08924343487395,1
618,2024-01-13 21:30,35.419901523109246,1
619,2024-01-13 22:00,35.50549894957983,1
620,2024-01-13 22:30,34.16226811974791,1
621,2024-01-13 23:00,34.14076733193277,1
622,2024-01-13 23:30,34.11008534663866,1
623,2024-01-13 23:59,31.101144957983195,1
624,2024-01-14 00:30,25.604643382352943,1
625,2024-01-14 01:00,25.452603991596643,1
626,2024-01-14 01:30,25.404949579831932,1
627,2024-01-14 02:00,25.406638918067227,1
628,2024-01-14 02:30,0.6991105567226891,1
629,2024-01-14 03:00,0.685983718487395,1
630,2024-01-14 03:30,0.6883232668067227,1
631,2024-01-14 04:00,0.7191504726890757,1
632,2024-01-14 04:30,0.7236310399159663,1
633,2024-01-14 05:00,0.7357153361344538,1
634,2024-01-14 05:30,0.7284138655462186,1
635,2024-01-14 06:00,0.7097253151260505,1
636,2024-01-14 06:30,0.6900386029411766,1
637,2024-01-14 07:00,0.6918216911764705,1
638,2024-01-14 07:30,0.6994679621848741,1
639,2024-01-14 08:00,0.6996163340336135,1
640,2024-01-14 08:30,0.6983831407563026,1
641,2024-01-14 09:00,0.7164613970588236,1
642,2024-01-14 09:30,0.7166026785714287,1
643,2024-01-14 10:00,0.7444611344537816,1
644,2024-01-14 10:30,0.7034327731092438,1
645,2024-01-14 11:00,9.39326181722689,1
646,2024-01-14 11:30,11.378601102941177,1
647,2024-01-14 12:00,12.151870010504203,1
648,2024-01-14 12:30,9.136597163865545,1
649,2024-01-14 13:00,0.7112418592436975,1
650,2024-01-14 13:30,0.7103618697478993,1
651,2024-01-14 14:00,0.7087321428571429,1
652,2024-01-14 14:30,0.7121381302521009,1
653,2024-01-14 15:00,0.7166436449579832,1
654,2024-01-14 15:30,0.7128752626050421,1
655,2024-01-14 16:00,0.7100162815126051,1
656,2024-01-14 16:30,0.7118771008403361,1
657,2024-01-14 17:00,0.7073713235294118,1
658,2024-01-14 17:30,0.7169075630252101,1
659,2024-01-14 18:00,0.8758237920168067,1
660,2024-01-14 18:30,7.845528361344538,1
661,2024-01-14 19:00,33.806914653361346,1
662,2024-01-14 19:30,37.883198529411764,1
663,2024-01-14 20:00,34.038929359243696,1
664,2024-01-14 20:30,37.93285451680672,1
665,2024-01-14 21:00,37.44072163865546,1
666,2024-01-14 21:30,37.19522032563025,1
667,2024-01-14 22:00,33.60806853991597,1
668,2024-01-14 22:30,33.11562867647059,1
669,2024-01-14 23:00,32.719367647058824,1
670,2024-01-14 23:30,25.301410714285716,1
671,2024-01-14 23:59,25.020971638655464,1
672,2024-01-15 00:30,0.7115123424369748,1
673,2024-01-15 01:00,0.705077731092437,1
674,2024-01-15 01:30,0.7026649159663866,1
675,2024-01-15 02:00,0.7013986344537816,1
676,2024-01-15 02:30,0.6971659663865547,1
677,2024-01-15 03:00,0.6970863970588236,1
678,2024-01-15 03:30,0.6932720588235295,1
679,2024-01-15 04:00,0.6931281512605042,1
680,2024-01-15 04:30,0.705155987394958,1
681,2024-01-15 05:00,0.7125969012605042,1
682,2024-01-15 05:30,0.7142725840336135,1
683,2024-01-15 06:00,24.87770982142857,1
684,2024-01-15 06:30,24.917929096638655,1
685,2024-01-15 07:00,24.936976628151264,1
686,2024-01-15 07:30,25.004634716386555,1
687,2024-01-15 08:00,25.21683482142857,1
688,2024-01-15 08:30,27.12475761554622,1
689,2024-01-15 09:00,27.60156670168067,1
690,2024-01-15 09:30,27.29275761554622,1
691,2024-01-15 10:00,28.024227415966386,1
692,2024-01-15 10:30,27.383271271008404,1
693,2024-01-15 11:00,28.236172531512608,1
694,2024-01-15 11:30,28.069512605042018,1
695,2024-01-15 12:00,27.99062342436975,1
696,2024-01-15 12:30,27.49865099789916,1
697,2024-01-15 13:00,25.765646271008407,1
698,2024-01-15 13:30,25.147012605042015,1
699,2024-01-15 14:00,25.133201155462185,1
700,2024-01-15 14:30,28.42613445378151,1
701,2024-01-15 15:00,28.77124947478992,1
702,2024-01-15 15:30,28.38558692226891,1
703,2024-01-15 16:00,28.713421218487397,1
704,2024-01-15 16:30,28.45118198529412,1
705,2024-01-15 17:00,27.00292305672269,1
706,2024-01-15 17:30,26.37270955882353,1
707,2024-01-15 18:00,25.963304096638655,1
708,2024-01-15 18:30,26.183877888655463,1
709,2024-01-15 19:00,28.06356486344538,1
710,2024-01-15 19:30,32.335272058823534,1
711,2024-01-15 20:00,30.119827205882356,1
712,2024-01-15 20:30,28.103863707983194,1
713,2024-01-15 21:00,26.605998424369748,1
714,2024-01-15 21:30,26.381186449579832,1
715,2024-01-15 22:00,25.819679096638655,1
716,2024-01-15 22:30,25.692258403361343,1
717,2024-01-15 23:00,25.569919642857144,1
718,2024-01-15 23:30,25.419068277310924,1
719,2024-01-15 23:59,0.7189558823529412,1
720,2024-01-16 00:30,0.7161436449579832,1
721,2024-01-16 01:00,0.7030525210084033,1
722,2024-01-16 01:30,0.6960601365546218,1
723,2024-01-16 02:00,0.6937836134453782,1
724,2024-01-16 02:30,0.6896452205882353,1
725,2024-01-16 03:00,0.6836901260504202,1
726,2024-01-16 03:30,0.6814493172268907,1
727,2024-01-16 04:00,0.6860945378151261,1
728,2024-01-16 04:30,0.6874201680672269,1
729,2024-01-16 05:00,0.6896722689075631,1
730,2024-01-16 05:30,0.693155462184874,1
731,2024-01-16 06:00,0.6939264705882353,1
732,2024-01-16 06:30,0.6949734768907564,1
733,2024-01-16 07:00,0.6967198004201681,1
734,2024-01-16 07:30,0.7100068277310925,1
735,2024-01-16 08:00,0.707967962184874,1
736,2024-01-16 08:30,25.58759480042017,1
737,2024-01-16 09:00,25.679262342436974,1
738,2024-01-16 09:30,25.74789968487395,1
739,2024-01-16 10:00,26.563341649159664,1
740,2024-01-16 10:30,25.74533429621849,1
741,2024-01-16 11:00,25.964964023109246,1
742,2024-01-16 11:30,26.10074737394958,1
743,2024-01-16 12:00,25.918356355042018,1
744,2024-01-16 12:30,26.050379464285715,1
745,2024-01-16 13:00,25.718188287815128,1
746,2024-01-16 13:30,25.73060635504202,1
747,2024-01-16 14:00,25.731529411764708,1
748,2024-01-16 14:30,26.513335871848742,1
749,2024-01-16 15:00,26.541948004201682,1
750,2024-01-16 15:30,26.344754201680672,1
751,2024-01-16 16:00,26.362992647058825,1
752,2024-01-16 16:30,26.409550682773112,1
753,2024-01-16 17:00,26.139464548319328,1
754,2024-01-16 17:30,25.838822216386554,1
755,2024-01-16 18:00,25.478227415966387,1
756,2024-01-16 18:30,25.692976102941177,1
757,2024-01-16 19:00,27.992964285714287,1
758,2024-01-16 19:30,27.957809086134453,1
759,2024-01-16 20:00,38.45403886554622,1
760,2024-01-16 20:30,38.373264443277314,1
761,2024-01-16 21:00,28.245234768907565,1
762,2024-01-16 21:30,28.19985950630252,1
763,2024-01-16 22:00,26.844547006302523,1
764,2024-01-16 22:30,26.8254506302521,1
765,2024-01-16 23:00,25.644484768907564,1
766,2024-01-16 23:30,25.43487867647059,1
767,2024-01-16 23:59,25.437017331932772,1
768,2024-01-17 00:30,0.8451691176470588,1
769,2024-01-17 01:00,0.6974073004201682,1
770,2024-01-17 01:30,0.6938503151260504,1
771,2024-01-17 02:00,0.6899976365546219,1
772,2024-01-17 02:30,0.6957116596638656,1
773,2024-01-17 03:00,0.6940585609243698,1
774,2024-01-17 03:30,0.6912670693277311,1
775,2024-01-17 04:00,0.6893048844537816,1
776,2024-01-17 04:30,0.6919353991596638,1
777,2024-01-17 05:00,0.7001748949579831,1
778,2024-01-17 05:30,0.7162029936974791,1
779,2024-01-17 06:00,0.7212119222689076,1
780,2024-01-17 06:30,0.7350722163865546,1
781,2024-01-17 07:00,0.727219537815126,1
782,2024-01-17 07:30,25.11181013655462,1
783,2024-01-17 08:00,25.414378413865546,1
784,2024-01-17 08:30,25.478572478991595,1
785,2024-01-17 09:00,25.614332195378154,1
786,2024-01-17 09:30,26.145167016806724,1
787,2024-01-17 10:00,26.974042016806724,1
788,2024-01-17 10:30,27.492441701680676,1
789,2024-01-17 11:00,28.758035976890756,1
790,2024-01-17 11:30,28.747934086134453,1
791,2024-01-17 12:00,28.68957037815126,1
792,2024-01-17 12:30,28.73982510504202,1
793,2024-01-17 13:00,29.02415231092437,1
794,2024-01-17 13:30,28.867241596638657,1
795,2024-01-17 14:00,28.84604385504202,1
796,2024-01-17 14:30,28.745417016806723,1
797,2024-01-17 15:00,28.846153623949583,1
798,2024-01-17 15:30,34.11925472689076,1
799,2024-01-17 16:00,34.17917673319328,1
800,2024-01-17 16:30,34.0778718487395,1
801,2024-01-17 17:00,29.278958771008405,1
802,2024-01-17 17:30,27.333133403361344,1
803,2024-01-17 18:00,25.81474579831933,1
804,2024-01-17 18:30,27.82398949579832,1
805,2024-01-17 19:00,32.01283219537815,1
806,2024-01-17 19:30,37.60144616596639,1
807,2024-01-17 20:00,34.03730278361345,1
808,2024-01-17 20:30,34.05813707983194,1
809,2024-01-17 21:00,34.04715493697479,1
810,2024-01-17 21:30,34.804037027310926,1
811,2024-01-17 22:00,34.533068277310925,1
812,2024-01-17 22:30,34.95663734243698,1
813,2024-01-17 23:00,33.41588813025211,1
814,2024-01-17 23:30,25.61709663865546,1
815,2024-01-17 23:59,25.411550157563028,1
816,2024-01-18 00:30,0.8906596638655463,1
817,2024-01-18 01:00,0.8892431722689076,1
818,2024-01-18 01:30,0.8871449579831934,1
819,2024-01-18 02:00,0.8808700105042018,1
820,2024-01-18 02:30,0.6940580357142857,1
821,2024-01-18 03:00,0.6891762079831932,1
822,2024-01-18 03:30,0.6853384978991597,1
823,2024-01-18 04:00,0.6866570378151261,1
824,2024-01-18 04:30,0.6935856092436975,1
825,2024-01-18 05:00,0.7002216386554622,1
826,2024-01-18 05:30,0.7121672794117648,1
827,2024-01-18 06:00,0.7057618172268908,1
828,2024-01-18 06:30,0.6964038865546218,1
829,2024-01-18 07:00,0.72452862394958,1
830,2024-01-18 07:30,0.7569422268907564,1
831,2024-01-18 08:00,25.439166754201683,1
832,2024-01-18 08:30,26.036694327731094,1
833,2024-01-18 09:00,28.031284401260507,1
834,2024-01-18 09:30,35.18726365546219,1
835,2024-01-18 10:00,34.95451785714286,1
836,2024-01-18 10:30,34.5424574579832,1
837,2024-01-18 11:00,35.145241596638655,1
838,2024-01-18 11:30,35.52175236344538,1
839,2024-01-18 12:00,37.487496586134455,1
840,2024-01-18 12:30,33.619523897058826,1
841,2024-01-18 13:00,33.62061974789916,1
842,2024-01-18 13:30,33.600536764705886,1
843,2024-01-18 14:00,33.60935346638656,1
844,2024-01-18 14:30,33.811058823529414,1
845,2024-01-18 15:00,37.365267857142854,1
846,2024-01-18 15:30,37.557015231092436,1
847,2024-01-18 16:00,37.5579556197479,1
848,2024-01-18 16:30,36.81927888655463,1
849,2024-01-18 17:00,29.252618172268907,1
850,2024-01-18 17:30,29.30817148109244,1
851,2024-01-18 18:00,25.712354516806723,1
852,2024-01-18 18:30,33.535372111344536,1
853,2024-01-18 19:00,33.70377205882353,1
854,2024-01-18 19:30,36.055732142857146,1
855,2024-01-18 20:00,36.261807247899156,1
856,2024-01-18 20:30,34.39173923319328,1
857,2024-01-18 21:00,34.4095181197479,1
858,2024-01-18 21:30,34.36695010504202,1
859,2024-01-18 22:00,34.14744380252101,1
860,2024-01-18 22:30,33.97021349789917,1
861,2024-01-18 23:00,27.359689338235295,1
862,2024-01-18 23:30,25.600941964285717,1
863,2024-01-18 23:59,25.719760504201684,1
864,2024-01-19 00:30,0.9260320378151261,1
865,2024-01-19 01:00,0.7246901260504202,1
866,2024-01-19 01:30,0.716358981092437,1
867,2024-01-19 02:00,0.7073466386554622,1
868,2024-01-19 02:30,0.7123639705882353,1
869,2024-01-19 03:00,0.7052689075630253,1
870,2024-01-19 03:30,0.7123209033613446,1
871,2024-01-19 04:00,0.7099808298319328,1
872,2024-01-19 04:30,0.7149745273109244,1
873,2024-01-19 05:00,25.006962710084032,1
874,2024-01-19 05:30,25.361479516806725,1
875,2024-01-19 06:00,25.395518119747898,1
876,2024-01-19 06:30,25.400670955882354,1
877,2024-01-19 07:00,25.333602153361348,1
878,2024-01-19 07:30,25.432043067226893,1
879,2024-01-19 08:00,25.64158744747899,1
880,2024-01-19 08:30,27.391903098739498,1
881,2024-01-19 09:00,28.757390493697482,1
882,2024-01-19 09:30,31.20072767857143,1
883,2024-01-19 10:00,34.25468881302521,1
884,2024-01-19 10:30,34.21923135504202,1
885,2024-01-19 11:00,34.26486738445378,1
886,2024-01-19 11:30,34.304167279411764,1
887,2024-01-19 12:00,34.28764653361345,1
888,2024-01-19 12:30,34.30323975840336,1
889,2024-01-19 13:00,34.30296586134454,1
890,2024-01-19 13:30,35.173875262605044,1
891,2024-01-19 14:00,35.66335451680672,1
892,2024-01-19 14:30,36.883000262605044,1
893,2024-01-19 15:00,37.10193513655462,1
894,2024-01-19 15:30,34.27255908613446,1
895,2024-01-19 16:00,34.249199317226896,1
896,2024-01-19 16:30,33.70887158613446,1
897,2024-01-19 17:00,33.65908639705882,1
898,2024-01-19 17:30,35.263979254201686,1
899,2024-01-19 18:00,28.067801470588236,1
900,2024-01-19 18:30,28.344759978991597,1
901,2024-01-19 19:00,34.54512027310925,1
902,2024-01-19 19:30,34.80572557773109,1
903,2024-01-19 20:00,34.707764705882354,1
904,2024-01-19 20:30,34.61895168067227,1
905,2024-01-19 21:00,34.45857799369748,1
906,2024-01-19 21:30,34.505546218487396,1
907,2024-01-19 22:00,38.372083508403364,1
908,2024-01-19 22:30,34.75522452731092,1
909,2024-01-19 23:00,28.64560530462185,1
910,2024-01-19 23:30,26.342806722689076,1
911,2024-01-19 23:59,25.611307510504204,1
912,2024-01-20 00:30,27.55128151260504,1
913,2024-01-20 01:00,33.517332457983194,1
914,2024-01-20 01:30,33.641280724789915,1
915,2024-01-20 02:00,33.626052521008404,1
916,2024-01-20 02:30,33.63775577731093,1
917,2024-01-20 03:00,27.503186974789916,1
918,2024-01-20 03:30,25.793793592436973,1
919,2024-01-20 04:00,27.50768723739496,1
920,2024-01-20 04:30,25.846962447478994,1
921,2024-01-20 05:00,27.483065651260503,1
922,2024-01-20 05:30,25.98560136554622,1
923,2024-01-20 06:00,25.765666754201682,1
924,2024-01-20 06:30,25.78035267857143,1
925,2024-01-20 07:00,25.78214915966387,1
926,2024-01-20 07:30,26.3726481092437,1
927,2024-01-20 08:00,28.31247636554622,1
928,2024-01-20 08:30,28.189548844537818,1
929,2024-01-20 09:00,35.603673581932775,1
930,2024-01-20 09:30,35.29287736344538,1
931,2024-01-20 10:00,35.49748424369748,1
932,2024-01-20 10:30,35.24500052521009,1
933,2024-01-20 11:00,35.64079700630253,1
934,2024-01-20 11:30,36.13075735294118,1
935,2024-01-20 12:00,38.21293671218487,1
936,2024-01-20 12:30,38.00593093487395,1
937,2024-01-20 13:00,38.55694537815126,1
938,2024-01-20 13:30,35.65773004201681,1
939,2024-01-20 14:00,37.805771796218494,1
940,2024-01-20 14:30,35.76459453781513,1
941,2024-01-20 15:00,35.68918539915966,1
942,2024-01-20 15:30,33.72782589285715,1
943,2024-01-20 16:00,33.73814049369748,1
944,2024-01-20 16:30,29.048275472689074,1
945,2024-01-20 17:00,29.062800420168067,1
946,2024-01-20 17:30,29.133906512605044,1
947,2024-01-20 18:00,25.573413340336135,1
948,2024-01-20 18:30,25.79523293067227,1
949,2024-01-20 19:00,35.272003151260506,1
950,2024-01-20 19:30,35.434459558823534,1
951,2024-01-20 20:00,35.44420640756303,1
952,2024-01-20 20:30,35.3595443802521,1
953,2024-01-20 21:00,35.28297032563025,1
954,2024-01-20 21:30,35.35406670168067,1
955,2024-01-20 22:00,35.49710110294117,1
956,2024-01-20 22:30,36.68323214285714,1
957,2024-01-20 23:00,38.58646008403362,1
958,2024-01-20 23:30,39.11068592436975,1
959,2024-01-20 23:59,36.140361081932774,1
960,2024-01-21 00:30,36.26453361344538,1
961,2024-01-21 01:00,35.59487289915967,1
962,2024-01-21 01:30,35.94224448529412,1
963,2024-01-21 02:00,35.47671953781513,1
964,2024-01-21 02:30,35.575311449579836,1
965,2024-01-21 03:00,35.55871323529412,1
966,2024-01-21 03:30,35.4507731092437,1
967,2024-01-21 04:00,35.47364154411765,1
968,2024-01-21 04:30,35.49214364495799,1
969,2024-01-21 05:00,35.47319852941177,1
970,2024-01-21 05:30,35.721980829831935,1
971,2024-01-21 06:00,33.16831565126051,1
972,2024-01-21 06:30,27.489794642857145,1
973,2024-01-21 07:00,25.071084821428574,1
974,2024-01-21 07:30,24.36526260504202,1
975,2024-01-21 08:00,25.36704963235294,1
976,2024-01-21 08:30,26.47598266806723,1
977,2024-01-21 09:00,25.77852941176471,1
978,2024-01-21 09:30,26.145616596638654,1
979,2024-01-21 10:00,26.227954569327732,1
980,2024-01-21 10:30,26.277830094537816,1
981,2024-01-21 11:00,27.604819852941176,1
982,2024-01-21 11:30,26.842551470588237,1
983,2024-01-21 12:00,26.47005987394958,1
984,2024-01-21 12:30,26.07820535714286,1
985,2024-01-21 13:00,26.016495010504205,1
986,2024-01-21 13:30,25.6705049894958,1
987,2024-01-21 14:00,26.06472295168067,1
988,2024-01-21 14:30,25.799079831932776,1
989,2024-01-21 15:00,28.146598214285717,1
990,2024-01-21 15:30,24.93951917016807,1
991,2024-01-21 16:00,25.63573555672269,1
992,2024-01-21 16:30,27.601782563025214,1
993,2024-01-21 17:00,25.763535976890758,1
994,2024-01-21 17:30,27.61615651260504,1
995,2024-01-21 18:00,29.067443277310925,1
996,2024-01-21 18:30,35.29293618697479,1
997,2024-01-21 19:00,34.30779989495799,1
998,2024-01-21 19:30,34.34537079831933,1
999,2024-01-21 20:00,34.36648161764706,1
1000,2024-01-21 20:30,35.440743960084035,1
1001,2024-01-21 21:00,35.593269695378154,1
1002,2024-01-21 21:30,35.64535346638655,1
1003,2024-01-21 22:00,34.35685451680673,1
1004,2024-01-21 22:30,34.299778098739495,1
1005,2024-01-21 23:00,34.28558587184874,1
1006,2024-01-21 23:30,33.71476890756303,1
1007,2024-01-21 23:59,34.16086108193278,1
1008,2024-01-22 00:30,25.738368697478993,1
1009,2024-01-22 01:00,25.352554096638656,1
1010,2024-01-22 01:30,24.962313287815128,1
1011,2024-01-22 02:00,25.735008665966387,1
1012,2024-01-22 02:30,7.679212447478992,1
1013,2024-01-22 03:00,23.870363707983195,1
1014,2024-01-22 03:30,2.058856880252101,1
1015,2024-01-22 04:00,2.054651785714286,1
1016,2024-01-22 04:30,2.0466767331932774,1
1017,2024-01-22 05:00,2.0506961659663867,1
1018,2024-01-22 05:30,2.0463090861344537,1
1019,2024-01-22 06:00,24.994954044117648,1
1020,2024-01-22 06:30,2.031336659663866,1
1021,2024-01-22 07:00,7.603060136554622,1
1022,2024-01-22 07:30,0.7397066701680673,1
1023,2024-01-22 08:00,25.423117647058827,1
1024,2024-01-22 08:30,26.166419642857146,1
1025,2024-01-22 09:00,27.850190651260508,1
1026,2024-01-22 09:30,35.37878807773109,1
1027,2024-01-22 10:00,35.12501969537816,1
1028,2024-01-22 10:30,34.64031617647059,1
1029,2024-01-22 11:00,36.03541097689076,1
1030,2024-01-22 11:30,36.32819275210085,1
1031,2024-01-22 12:00,35.35814600840337,1
1032,2024-01-22 12:30,35.3525643382353,1
1033,2024-01-22 13:00,35.3579193802521,1
1034,2024-01-22 13:30,35.35709243697479,1
1035,2024-01-22 14:00,34.60207641806723,1
1036,2024-01-22 14:30,36.22123424369748,1
1037,2024-01-22 15:00,36.320389705882356,1
1038,2024-01-22 15:30,35.78839154411765,1
1039,2024-01-22 16:00,35.968238445378155,1
1040,2024-01-22 16:30,37.610311974789916,1
1041,2024-01-22 17:00,35.36876418067227,1
1042,2024-01-22 17:30,33.803096376050426,1
1043,2024-01-22 18:00,27.662144695378153,1
1044,2024-01-22 18:30,26.07160661764706,1
1045,2024-01-22 19:00,35.343648634453785,1
1046,2024-01-22 19:30,35.64863760504202,1
1047,2024-01-22 20:00,35.96227704831933,1
1048,2024-01-22 20:30,36.03222006302521,1
1049,2024-01-22 21:00,38.136516018907564,1
1050,2024-01-22 21:30,36.26541964285714,1
1051,2024-01-22 22:00,36.646584558823534,1
1052,2024-01-22 22:30,38.35544800420168,1
1053,2024-01-22 23:00,35.84789023109244,1
1054,2024-01-22 23:30,28.208918329831935,1
1055,2024-01-22 23:59,25.8454556197479,1
1056,2024-01-23 00:30,25.603831144957983,1
1057,2024-01-23 01:00,25.397263918067228,1
1058,2024-01-23 01:30,25.076884978991597,1
1059,2024-01-23 02:00,2.516565651260504,1
1060,2024-01-23 02:30,2.473040441176471,1
1061,2024-01-23 03:00,2.471993697478992,1
1062,2024-01-23 03:30,2.4691769957983194,1
1063,2024-01-23 04:00,25.2610625,1
1064,2024-01-23 04:30,2.4658135504201684,1
1065,2024-01-23 05:00,2.48900131302521,1
1066,2024-01-23 05:30,0.725091649159664,1
1067,2024-01-23 06:00,25.23737211134454,1
1068,2024-01-23 06:30,25.229837972689076,1
1069,2024-01-23 07:00,25.23764180672269,1
1070,2024-01-23 07:30,27.7469818802521,1
1071,2024-01-23 08:00,37.47475919117647,1
1072,2024-01-23 08:30,37.74867673319328,1
1073,2024-01-23 09:00,34.46602468487395,1
1074,2024-01-23 09:30,34.4858025210084,1
1075,2024-01-23 10:00,34.532641806722694,1
1076,2024-01-23 10:30,33.94242305672269,1
1077,2024-01-23 11:00,33.968806197479,1
1078,2024-01-23 11:30,37.02849684873949,1
1079,2024-01-23 12:00,37.09912342436975,1
1080,2024-01-23 12:30,35.34596008403362,1
1081,2024-01-23 13:00,35.325206670168065,1
1082,2024-01-23 13:30,35.26894222689076,1
1083,2024-01-23 14:00,34.796928308823524,1
1084,2024-01-23 14:30,36.45921769957984,1
1085,2024-01-23 15:00,35.36090966386555,1
1086,2024-01-23 15:30,35.263385241596644,1
1087,2024-01-23 16:00,36.37647347689076,1
1088,2024-01-23 16:30,35.330847426470584,1
1089,2024-01-23 17:00,35.33660504201681,1
1090,2024-01-23 17:30,33.849837184873955,1
1091,2024-01-23 18:00,33.826750262605046,1
1092,2024-01-23 18:30,33.83600866596639,1
1093,2024-01-23 19:00,34.50106853991596,1
1094,2024-01-23 19:30,35.624643644957985,1
1095,2024-01-23 20:00,35.879725577731094,1
1096,2024-01-23 20:30,36.32278177521008,1
1097,2024-01-23 21:00,36.93003125,1
1098,2024-01-23 21:30,36.771433823529414,1
1099,2024-01-23 22:00,35.89127337184874,1
1100,2024-01-23 22:30,35.51917515756303,1
1101,2024-01-23 23:00,35.4605344012605,1
1102,2024-01-23 23:30,34.90455540966387,1
1103,2024-01-23 23:59,34.9015674894958,1
1104,2024-01-24 00:30,32.68066701680672,1
1105,2024-01-24 01:00,32.69398109243697,1
1106,2024-01-24 01:30,32.698967962184874,1
1107,2024-01-24 02:00,32.70716911764706,1
1108,2024-01-24 02:30,32.70926523109244,1
1109,2024-01-24 03:00,28.886021533613444,1
1110,2024-01-24 03:30,26.015098476890756,1
1111,2024-01-24 04:00,26.0110806197479,1
1112,2024-01-24 04:30,26.0133849789916,1
1113,2024-01-24 05:00,26.016956144957984,1
1114,2024-01-24 05:30,26.163143382352942,1
1115,2024-01-24 06:00,26.282083771008406,1
1116,2024-01-24 06:30,26.340514968487398,1
1117,2024-01-24 07:00,26.443530462184874,1
1118,2024-01-24 07:30,29.1425362394958,1
1119,2024-01-24 08:00,32.852840336134456,1
1120,2024-01-24 08:30,34.45066911764707,1
1121,2024-01-24 09:00,34.519212972689076,1
1122,2024-01-24 09:30,35.36243644957983,1
1123,2024-01-24 10:00,35.34979280462185,1
1124,2024-01-24 10:30,35.345322216386556,1
1125,2024-01-24 11:00,37.79499343487395,1
1126,2024-01-24 11:30,38.29099947478992,1
1127,2024-01-24 12:00,38.17680803571429,1
1128,2024-01-24 12:30,38.24806880252101,1
1129,2024-01-24 13:00,38.292746586134456,1
1130,2024-01-24 13:30,37.84674290966387,1
1131,2024-01-24 14:00,35.36761055672269,1
1132,2024-01-24 14:30,35.360804884453785,1
1133,2024-01-24 15:00,41.797461397058825,1
1134,2024-01-24 15:30,35.401443277310925,1
1135,2024-01-24 16:00,35.49452284663865,1
1136,2024-01-24 16:30,35.35966885504202,1
1137,2024-01-24 17:00,34.49803755252101,1
1138,2024-01-24 17:30,33.91862263655462,1
1139,2024-01-24 18:00,33.89552389705882,1
1140,2024-01-24 18:30,34.407942489495795,1
1141,2024-01-24 19:00,42.02870273109244,1
1142,2024-01-24 19:30,35.46665835084034,1
1143,2024-01-24 20:00,35.791112657563026,1
1144,2024-01-24 20:30,44.6699768907563,1
1145,2024-01-24 21:00,44.8086630777311,1
1146,2024-01-24 21:30,44.480835084033615,1
1147,2024-01-24 22:00,43.77138839285714,1
1148,2024-01-24 22:30,35.35848240546219,1
1149,2024-01-24 23:00,34.48526890756303,1
1150,2024-01-24 23:30,34.477755777310925,1
1151,2024-01-24 23:59,32.85379385504202,1
1152,2024-01-25 00:30,32.84193618697479,1
1153,2024-01-25 01:00,32.85638524159664,1
1154,2024-01-25 01:30,32.85696927521008,1
1155,2024-01-25 02:00,32.83984427521008,1
1156,2024-01-25 02:30,32.84086055672269,1
1157,2024-01-25 03:00,32.85488550420168,1
1158,2024-01-25 03:30,32.855552258403364,1
1159,2024-01-25 04:00,27.54701785714286,1
1160,2024-01-25 04:30,27.541524947478994,1
1161,2024-01-25 05:00,27.536944590336137,1
1162,2024-01-25 05:30,32.25486712184874,1
1163,2024-01-25 06:00,32.29864128151261,1
1164,2024-01-25 06:30,28.637738182773113,1
1165,2024-01-25 07:00,25.893958771008407,1
1166,2024-01-25 07:30,42.02870273109244,1
1167,2024-01-25 08:00,35.315469800420175,1
1168,2024-01-25 08:30,34.47282799369748,1
1169,2024-01-25 09:00,34.49668119747899,1
1170,2024-01-25 09:30,35.35395535714286,1
1171,2024-01-25 10:00,42.02870273109244,1
1172,2024-01-25 10:30,42.02870273109244,1
1173,2024-01-25 11:00,52.632689863445385,1
1174,2024-01-25 11:30,42.02870273109244,1
1175,2024-01-25 12:00,42.02870273109244,1
1176,2024-01-25 12:30,42.02870273109244,1
1177,2024-01-25 13:00,38.6460362394958,1
1178,2024-01-25 13:30,38.70250288865547,1
1179,2024-01-25 14:00,39.43393014705883,1
1180,2024-01-25 14:30,39.77758009453782,1
1181,2024-01-25 15:00,42.896628676470584,1
1182,2024-01-25 15:30,42.65356722689076,1
1183,2024-01-25 16:00,42.24495141806723,1
1184,2024-01-25 16:30,42.958418067226894,1
1185,2024-01-25 17:00,38.998516018907566,1
1186,2024-01-25 17:30,35.96458377100841,1
1187,2024-01-25 18:00,34.98563445378151,1
1188,2024-01-25 18:30,35.12942857142857,1
1189,2024-01-25 19:00,42.43976733193278,1
1190,2024-01-25 19:30,43.28203781512605,1
1191,2024-01-25 20:00,42.88921638655462,1
1192,2024-01-25 20:30,42.3542862394958,1
1193,2024-01-25 21:00,42.190367384453786,1
1194,2024-01-25 21:30,42.217279149159666,1
1195,2024-01-25 22:00,42.177311974789916,1
1196,2024-01-25 22:30,35.357611344537816,1
1197,2024-01-25 23:00,35.355526260504206,1
1198,2024-01-25 23:30,35.35655304621849,1
1199,2024-01-25 23:59,35.359058560924375,1
1200,2024-01-26 00:30,34.478365546218484,1
1201,2024-01-26 01:00,34.506705357142856,1
1202,2024-01-26 01:30,33.96796691176471,1
1203,2024-01-26 02:00,32.76596533613446,1
1204,2024-01-26 02:30,32.75614863445379,1
1205,2024-01-26 03:00,42.02870273109244,1
1206,2024-01-26 03:30,42.02870273109244,1
1207,2024-01-26 04:00,42.02870273109244,1
1208,2024-01-26 04:30,42.02870273109244,1
1209,2024-01-26 05:00,42.02870273109244,1
1210,2024-01-26 05:30,42.02870273109244,1
1211,2024-01-26 06:00,43.4884162289916,1
1212,2024-01-26 06:30,42.02870273109244,1
1213,2024-01-26 07:00,34.44931328781513,1
1214,2024-01-26 07:30,42.02870273109244,1
1215,2024-01-26 08:00,42.02870273109244,1
1216,2024-01-26 08:30,45.11068802521009,1
1217,2024-01-26 09:00,45.11068802521009,1
1218,2024-01-26 09:30,228.96272846638658,1
1219,2024-01-26 10:00,229.04714206932772,1
1220,2024-01-26 10:30,229.81443592436975,1
1221,2024-01-26 11:00,232.26679254201682,1
1222,2024-01-26 11:30,233.08953912815127,1
1223,2024-01-26 12:00,232.83348450630254,1
1224,2024-01-26 12:30,232.4210942752101,1
1225,2024-01-26 13:00,45.11068802521009,1
1226,2024-01-26 13:30,45.11068802521009,1
1227,2024-01-26 14:00,45.11068802521009,1
1228,2024-01-26 14:30,45.11068802521009,1
1229,2024-01-26 15:00,45.11068802521009,1
1230,2024-01-26 15:30,45.11068802521009,1
1231,2024-01-26 16:00,45.11068802521009,1
1232,2024-01-26 16:30,45.11068802521009,1
1233,2024-01-26 17:00,45.11068802521009,1
1234,2024-01-26 17:30,45.11068802521009,1
1235,2024-01-26 18:00,45.11068802521009,1
1236,2024-01-26 18:30,45.11068802521009,1
1237,2024-01-26 19:00,230.49767200630254,1
1238,2024-01-26 19:30,237.28103965336135,1
1239,2024-01-26 20:00,230.81583876050422,1
1240,2024-01-26 20:30,229.3376567752101,1
1241,2024-01-26 21:00,229.3296843487395,1
1242,2024-01-26 21:30,45.11068802521009,1
1243,2024-01-26 22:00,45.11068802521009,1
1244,2024-01-26 22:30,45.11068828781512,1
1245,2024-01-26 23:00,45.21952599789916,1
1246,2024-01-26 23:30,45.185205882352946,1
1247,2024-01-26 23:59,39.102456407563025,1
1248,2024-01-27 00:30,45.64896349789916,1
1249,2024-01-27 01:00,45.3407418592437,1
1250,2024-01-27 01:30,45.31510924369748,1
1251,2024-01-27 02:00,45.431422006302526,1
1252,2024-01-27 02:30,45.32993776260504,1
1253,2024-01-27 03:00,45.25293119747899,1
1254,2024-01-27 03:30,45.22252783613446,1
1255,2024-01-27 04:00,45.76062841386555,1
1256,2024-01-27 04:30,45.97570693277311,1
1257,2024-01-27 05:00,45.782689863445384,1
1258,2024-01-27 05:30,46.00421113445378,1
1259,2024-01-27 06:00,38.409278886554624,1
1260,2024-01-27 06:30,35.88962447478992,1
1261,2024-01-27 07:00,35.82353440126051,1
1262,2024-01-27 07:30,35.565281250000005,1
1263,2024-01-27 08:00,35.56467463235295,1
1264,2024-01-27 08:30,184.46412263655463,1
1265,2024-01-27 09:00,223.90867962184876,1
1266,2024-01-27 09:30,224.247087447479,1
1267,2024-01-27 10:00,45.364049369747896,1
1268,2024-01-27 10:30,45.364049369747896,1
1269,2024-01-27 11:00,45.364049369747896,1
1270,2024-01-27 11:30,45.364049369747896,1
1271,2024-01-27 12:00,45.364049369747896,1
1272,2024-01-27 12:30,45.364049369747896,1
1273,2024-01-27 13:00,46.99379858193277,1
1274,2024-01-27 13:30,45.97256407563025,1
1275,2024-01-27 14:00,36.3386630777311,1
1276,2024-01-27 14:30,45.425906512605046,1
1277,2024-01-27 15:00,37.905998161764714,1
1278,2024-01-27 15:30,37.3737880777311,1
1279,2024-01-27 16:00,37.68267226890757,1
1280,2024-01-27 16:30,34.52895798319328,1
1281,2024-01-27 17:00,33.98505961134454,1
1282,2024-01-27 17:30,34.67175709033613,1
1283,2024-01-27 18:00,34.10820614495798,1
1284,2024-01-27 18:30,34.044681197478994,1
1285,2024-01-27 19:00,35.172619747899155,1
1286,2024-01-27 19:30,35.39398897058823,1
1287,2024-01-27 20:00,35.4190706407563,1
1288,2024-01-27 20:30,35.43049422268908,1
1289,2024-01-27 21:00,35.418262867647066,1
1290,2024-01-27 21:30,36.17261108193278,1
1291,2024-01-27 22:00,43.521996323529414,1
1292,2024-01-27 22:30,36.13874842436975,1
1293,2024-01-27 23:00,35.65840441176471,1
1294,2024-01-27 23:30,43.55460031512605,1
1295,2024-01-27 23:59,43.38605042016807,1
1296,2024-01-28 00:30,33.11844459033614,1
1297,2024-01-28 01:00,33.217087184873954,1
1298,2024-01-28 01:30,28.018288077731093,1
1299,2024-01-28 02:00,26.234782037815126,1
1300,2024-01-28 02:30,26.07801680672269,1
1301,2024-01-28 03:00,25.859524159663867,1
1302,2024-01-28 03:30,25.716034926470588,1
1303,2024-01-28 04:00,25.930017069327732,1
1304,2024-01-28 04:30,26.063916228991594,1
1305,2024-01-28 05:00,26.02581670168067,1
1306,2024-01-28 05:30,26.005974527310926,1
1307,2024-01-28 06:00,25.89167857142857,1
1308,2024-01-28 06:30,25.536656250000004,1
1309,2024-01-28 07:00,25.534174369747902,1
1310,2024-01-28 07:30,7.600894695378151,1
1311,2024-01-28 08:00,25.628308823529412,1
1312,2024-01-28 08:30,25.666867647058822,1
1313,2024-01-28 09:00,25.726805409663868,1
1314,2024-01-28 09:30,25.561234768907564,1
1315,2024-01-28 10:00,27.242699317226894,1
1316,2024-01-28 10:30,27.4284456407563,1
1317,2024-01-28 11:00,27.940478203781513,1
1318,2024-01-28 11:30,27.80368776260504,1
1319,2024-01-28 12:00,28.07018618697479,1
1320,2024-01-28 12:30,25.495160976890755,1
1321,2024-01-28 13:00,29.517875525210087,1
1322,2024-01-28 13:30,25.634077205882353,1
1323,2024-01-28 14:00,25.643764705882354,1
1324,2024-01-28 14:30,25.627816701680675,1
1325,2024-01-28 15:00,25.6286530987395,1
1326,2024-01-28 15:30,25.6460049894958,1
1327,2024-01-28 16:00,25.70337736344538,1
1328,2024-01-28 16:30,25.683221901260506,1
1329,2024-01-28 17:00,26.085863970588235,1
1330,2024-01-28 17:30,34.00899711134454,1
1331,2024-01-28 18:00,33.056206670168066,1
1332,2024-01-28 18:30,34.16657878151261,1
1333,2024-01-28 19:00,34.66142043067227,1
1334,2024-01-28 19:30,35.46501549369748,1
1335,2024-01-28 20:00,38.0527762605042,1
1336,2024-01-28 20:30,38.3016281512605,1
1337,2024-01-28 21:00,36.55569642857143,1
1338,2024-01-28 21:30,35.988842962184876,1
1339,2024-01-28 22:00,35.79253098739496,1
1340,2024-01-28 22:30,35.3887862394958,1
1341,2024-01-28 23:00,32.34556407563026,1
1342,2024-01-28 23:30,26.129516018907566,1
1343,2024-01-28 23:59,25.70084637605042,1
1344,2024-01-29 00:30,25.617608718487396,1
1345,2024-01-29 01:00,25.46167699579832,1
1346,2024-01-29 01:30,25.574305147058826,1
1347,2024-01-29 02:00,25.478366859243696,1
1348,2024-01-29 02:30,25.446374737394958,1
1349,2024-01-29 03:00,25.4523931197479,1
1350,2024-01-29 03:30,25.446746848739497,1
1351,2024-01-29 04:00,25.440541754201682,1
1352,2024-01-29 04:30,25.46924317226891,1
1353,2024-01-29 05:00,25.606803046218488,1
1354,2024-01-29 05:30,25.904964285714286,1
1355,2024-01-29 06:00,25.912423844537816,1
1356,2024-01-29 06:30,25.87832300420168,1
1357,2024-01-29 07:00,27.804600315126052,1
1358,2024-01-29 07:30,27.826789653361345,1
1359,2024-01-29 08:00,27.848938813025214,1
1360,2024-01-29 08:30,38.27420299369748,1
1361,2024-01-29 09:00,34.18000577731093,1
1362,2024-01-29 09:30,32.99854306722689,1
1363,2024-01-29 10:00,35.55422426470589,1
1364,2024-01-29 10:30,35.55490966386555,1
1365,2024-01-29 11:00,35.550964023109245,1
1366,2024-01-29 11:30,36.98213602941177,1
1367,2024-01-29 12:00,37.161412815126056,1
1368,2024-01-29 12:30,37.075880252100845,1
1369,2024-01-29 13:00,35.46746481092437,1
1370,2024-01-29 13:30,35.30775735294118,1
1371,2024-01-29 14:00,35.46317200630252,1
1372,2024-01-29 14:30,42.36448293067227,1
1373,2024-01-29 15:00,42.31644091386555,1
1374,2024-01-29 15:30,37.192177783613445,1
1375,2024-01-29 16:00,35.9482318802521,1
1376,2024-01-29 16:30,37.61993723739496,1
1377,2024-01-29 17:00,35.508878151260504,1
1378,2024-01-29 17:30,36.29001076680672,1
1379,2024-01-29 18:00,34.22319537815127,1
1380,2024-01-29 18:30,35.14219301470588,1
1381,2024-01-29 19:00,35.82884558823529,1
1382,2024-01-29 19:30,37.01268539915967,1
1383,2024-01-29 20:00,37.74177573529412,1
1384,2024-01-29 20:30,35.57071271008403,1
1385,2024-01-29 21:00,35.47661160714286,1
1386,2024-01-29 21:30,35.563457195378156,1
1387,2024-01-29 22:00,35.55336554621849,1
1388,2024-01-29 22:30,35.56312184873949,1
1389,2024-01-29 23:00,37.55271769957984,1
1390,2024-01-29 23:30,35.458213235294124,1
1391,2024-01-29 23:59,32.92466228991597,1
1392,2024-01-30 00:30,45.90672636554622,1
1393,2024-01-30 01:00,34.976338760504206,1
1394,2024-01-30 01:30,45.63944642857143,1
1395,2024-01-30 02:00,33.13401943277311,1
1396,2024-01-30 02:30,33.63754543067227,1
1397,2024-01-30 03:00,46.69251418067227,1
1398,2024-01-30 03:30,42.10477284663865,1
1399,2024-01-30 04:00,27.94533823529412,1
1400,2024-01-30 04:30,33.03567568277311,1
1401,2024-01-30 05:00,33.07133114495799,1
1402,2024-01-30 05:30,33.700984243697484,1
1403,2024-01-30 06:00,33.30641780462185,1
1404,2024-01-30 06:30,29.133733455882354,1
1405,2024-01-30 07:00,34.69154884453781,1
1406,2024-01-30 07:30,34.705482668067226,1
1407,2024-01-30 08:00,27.885525210084033,1
1408,2024-01-30 08:30,35.52378387605042,1
1409,2024-01-30 09:00,37.74887237394958,1
1410,2024-01-30 09:30,37.6181087184874,1
1411,2024-01-30 10:00,196.2240879726891,1
1412,2024-01-30 10:30,194.81895036764706,1
1413,2024-01-30 11:00,48.318605567226896,1
1414,2024-01-30 11:30,196.07339154411764,1
1415,2024-01-30 12:00,235.16156748949578,1
1416,2024-01-30 12:30,49.17656538865547,1
1417,2024-01-30 13:00,195.0059443277311,1
1418,2024-01-30 13:30,195.9829942226891,1
1419,2024-01-30 14:00,196.33313051470589,1
1420,2024-01-30 14:30,236.1161885504202,1
1421,2024-01-30 15:00,238.57131591386556,1
1422,2024-01-30 15:30,197.7723786764706,1
1423,2024-01-30 16:00,191.51280514705883,1
1424,2024-01-30 16:30,34.88173004201681,1
1425,2024-01-30 17:00,34.16185451680673,1
1426,2024-01-30 17:30,26.121891281512607,1
1427,2024-01-30 18:00,26.076941176470587,1
1428,2024-01-30 18:30,34.11438655462185,1
1429,2024-01-30 19:00,37.04689968487395,1
1430,2024-01-30 19:30,46.23931696428571,1
1431,2024-01-30 20:00,46.630934348739494,1
1432,2024-01-30 20:30,38.09991859243697,1
1433,2024-01-30 21:00,36.68138235294118,1
1434,2024-01-30 21:30,37.05385898109243,1
1435,2024-01-30 22:00,36.67381276260504,1
1436,2024-01-30 22:30,36.48453361344538,1
1437,2024-01-30 23:00,36.361620273109246,1
1438,2024-01-30 23:30,36.391206144957984,1
1439,2024-01-30 23:59,38.822034926470586,1
1440,2024-01-31 00:30,34.74513261554622,1
1441,2024-01-31 01:00,28.97089180672269,1
1442,2024-01-31 01:30,28.899970588235295,1
1443,2024-01-31 02:00,28.87019642857143,1
1444,2024-01-31 02:30,28.741125262605046,1
1445,2024-01-31 03:00,28.780720325630252,1
1446,2024-01-31 03:30,29.038339023109245,1
1447,2024-01-31 04:00,27.714033613445377,1
1448,2024-01-31 04:30,27.711217699579834,1
1449,2024-01-31 05:00,27.727769170168067,1
1450,2024-01-31 05:30,27.727843487394956,1
1451,2024-01-31 06:00,27.736476628151262,1
1452,2024-01-31 06:30,27.71829280462185,1
1453,2024-01-31 07:00,26.00469117647059,1
1454,2024-01-31 07:30,26.017780199579832,1
1455,2024-01-31 08:00,46.51643881302522,1
1456,2024-01-31 08:30,47.70651549369748,1
1457,2024-01-31 09:00,47.50090231092437,1
1458,2024-01-31 09:30,47.16209611344538,1
1459,2024-01-31 10:00,48.4363849789916,1
1460,2024-01-31 10:30,47.3192106092437,1
1461,2024-01-31 11:00,48.21748897058824,1
1462,2024-01-31 11:30,49.07730567226891,1
1463,2024-01-31 12:00,45.364049369747896,1
1464,2024-01-31 12:30,45.364049369747896,1
1465,2024-01-31 13:00,45.364049369747896,1
1466,2024-01-31 13:30,37.79457326680673,1
1467,2024-01-31 14:00,35.55762473739496,1
1468,2024-01-31 14:30,34.81973266806723,1
1469,2024-01-31 15:00,34.81944669117647,1
1470,2024-01-31 15:30,34.829938550420174,1
1471,2024-01-31 16:00,34.73511449579832,1
1472,2024-01-31 16:30,27.88497610294118,1
1473,2024-01-31 17:00,25.615210609243697,1
1474,2024-01-31 17:30,25.489691701680673,1
1475,2024-01-31 18:00,25.48574028361345,1
1476,2024-01-31 18:30,37.926297794117644,1
1477,2024-01-31 19:00,43.75400052521008,1
1478,2024-01-31 19:30,43.322269957983195,1
1479,2024-01-31 20:00,36.08203860294118,1
1480,2024-01-31 20:30,36.45204175420168,1
1481,2024-01-31 21:00,36.21585766806723,1
1482,2024-01-31 21:30,36.576852415966385,1
1483,2024-01-31 22:00,42.26475840336135,1
1484,2024-01-31 22:30,35.5638043592437,1
1485,2024-01-31 23:00,34.263803571428575,1
1486,2024-01-31 23:30,34.25712657563025,1
1487,2024-01-31 23:59,27.82748161764706,1
