,fecha,Fenix,Atria,Engie,Kallpa
0,01/03/2024 00:15,0,0,0,0
1,01/03/2024 00:30,0,0,0,0
2,01/03/2024 00:45,0,0,0,0
3,01/03/2024 01:00,0,0,0,0
4,01/03/2024 01:15,0,0,0,0
5,01/03/2024 01:30,0,0,0,0
6,01/03/2024 01:45,0,0,0,0
7,01/03/2024 02:00,0,0,0,0
8,01/03/2024 02:15,0,0,0,0
9,01/03/2024 02:30,0,0,0,0
10,01/03/2024 02:45,0,0,0,0
11,01/03/2024 03:00,0,0,0,0
12,01/03/2024 03:15,0,0,0,0
13,01/03/2024 03:30,0,0,0,0
14,01/03/2024 03:45,0,0,0,0
15,01/03/2024 04:00,0,0,0,0
16,01/03/2024 04:15,0,0,0,0
17,01/03/2024 04:30,0,0,0,0
18,01/03/2024 04:45,0,0,0,0
19,01/03/2024 05:00,0,0,0,0
20,01/03/2024 05:15,0,0,0,0
21,01/03/2024 05:30,0,0,0,0
22,01/03/2024 05:45,0,0,0,0
23,01/03/2024 06:00,0,0,0,0
24,01/03/2024 06:15,0,0,0,0
25,01/03/2024 06:30,0,0,0,0
26,01/03/2024 06:45,0,0,0,0
27,01/03/2024 07:00,0,0,0,0
28,01/03/2024 07:15,0,0,0,0
29,01/03/2024 07:30,0,0,0,0
30,01/03/2024 07:45,0,0,0,0
31,01/03/2024 08:00,0,0,0,0
32,01/03/2024 08:15,0,0,0,0
33,01/03/2024 08:30,0,0,0,0
34,01/03/2024 08:45,0,0,0,0
35,01/03/2024 09:00,0,0,0,0
36,01/03/2024 09:15,0,0,0,0
37,01/03/2024 09:30,0,0,0,0
38,01/03/2024 09:45,0,0,0,0
39,01/03/2024 10:00,0,0,0,0
40,01/03/2024 10:15,0,0,0,0
41,01/03/2024 10:30,0,0,0,0
42,01/03/2024 10:45,0,0,0,0
43,01/03/2024 11:00,0,0,0,0
44,01/03/2024 11:15,0,0,0,0
45,01/03/2024 11:30,0,0,0,0
46,01/03/2024 11:45,0,0,0,0
47,01/03/2024 12:00,0,0,0,0
48,01/03/2024 12:15,0,0,0,0
49,01/03/2024 12:30,0,0,0,0
50,01/03/2024 12:45,0,0,0,0
51,01/03/2024 13:00,0,0,0,0
52,01/03/2024 13:15,0,0,0,0
53,01/03/2024 13:30,0,0,0,0
54,01/03/2024 13:45,0,0,0,0
55,01/03/2024 14:00,0,0,0,0
56,01/03/2024 14:15,0,0,0,0
57,01/03/2024 14:30,0,0,0,0
58,01/03/2024 14:45,0,0,0,0
59,01/03/2024 15:00,0,0,0,0
60,01/03/2024 15:15,0,0,0,0
61,01/03/2024 15:30,0,0,0,0
62,01/03/2024 15:45,0,0,0,0
63,01/03/2024 16:00,0,0,0,0
64,01/03/2024 16:15,0,0,0,0
65,01/03/2024 16:30,0,0,0,0
66,01/03/2024 16:45,0,0,0,0
67,01/03/2024 17:00,0,0,0,0
68,01/03/2024 17:15,0,0,0,0
69,01/03/2024 17:30,0,0,0,0
70,01/03/2024 17:45,0,0,0,0
71,01/03/2024 18:00,0,0,0,0
72,01/03/2024 18:15,0,0,0,0
73,01/03/2024 18:30,0,0,0,0
74,01/03/2024 18:45,0,0,0,0
75,01/03/2024 19:00,0,0,0,0
76,01/03/2024 19:15,0,0,0,0
77,01/03/2024 19:30,0,0,0,0
78,01/03/2024 19:45,0,0,0,0
79,01/03/2024 20:00,0,0,0,0
80,01/03/2024 20:15,0,0,0,0
81,01/03/2024 20:30,0,0,0,0
82,01/03/2024 20:45,0,0,0,0
83,01/03/2024 21:00,0,0,0,0
84,01/03/2024 21:15,0,0,0,0
85,01/03/2024 21:30,0,0,0,0
86,01/03/2024 21:45,0,0,0,0
87,01/03/2024 22:00,0,0,0,0
88,01/03/2024 22:15,0,0,0,0
89,01/03/2024 22:30,0,0,0,0
90,01/03/2024 22:45,0,0,0,0
91,01/03/2024 23:00,0,0,0,0
92,01/03/2024 23:15,0,0,0,0
93,01/03/2024 23:30,0,0,0,0
94,01/03/2024 23:45,0,0,0,0
95,02/03/2024 00:00,0,0,0,0
96,02/03/2024 00:15,0,0,0,0
97,02/03/2024 00:30,0,0,0,0
98,02/03/2024 00:45,0,0,0,0
99,02/03/2024 01:00,0,0,0,0
100,02/03/2024 01:15,0,0,0,0
101,02/03/2024 01:30,0,0,0,0
102,02/03/2024 01:45,0,0,0,0
103,02/03/2024 02:00,0,0,0,0
104,02/03/2024 02:15,0,0,0,0
105,02/03/2024 02:30,0,0,0,0
106,02/03/2024 02:45,0,0,0,0
107,02/03/2024 03:00,0,0,0,0
108,02/03/2024 03:15,0,0,0,0
109,02/03/2024 03:30,0,0,0,0
110,02/03/2024 03:45,0,0,0,0
111,02/03/2024 04:00,0,0,0,0
112,02/03/2024 04:15,0,0,0,0
113,02/03/2024 04:30,0,0,0,0
114,02/03/2024 04:45,0,0,0,0
115,02/03/2024 05:00,0,0,0,0
116,02/03/2024 05:15,0,0,0,0
117,02/03/2024 05:30,0,0,0,0
118,02/03/2024 05:45,0,0,0,0
119,02/03/2024 06:00,0,0,0,0
120,02/03/2024 06:15,0,0,0,0
121,02/03/2024 06:30,0,0,0,0
122,02/03/2024 06:45,0,0,0,0
123,02/03/2024 07:00,0,0,0,0
124,02/03/2024 07:15,0,0,0,0
125,02/03/2024 07:30,0,0,0,0
126,02/03/2024 07:45,0,0,0,0
127,02/03/2024 08:00,0,0,0,0
128,02/03/2024 08:15,0,0,0,0
129,02/03/2024 08:30,0,0,0,0
130,02/03/2024 08:45,0,0,0,0
131,02/03/2024 09:00,0,0,0,0
132,02/03/2024 09:15,0,0,0,0
133,02/03/2024 09:30,0,0,0,0
134,02/03/2024 09:45,0,0,0,0
135,02/03/2024 10:00,0,0,0,0
136,02/03/2024 10:15,0,0,0,0
137,02/03/2024 10:30,0,0,0,0
138,02/03/2024 10:45,0,0,0,0
139,02/03/2024 11:00,0,0,0,0
140,02/03/2024 11:15,0,0,0,0
141,02/03/2024 11:30,0,0,0,0
142,02/03/2024 11:45,0,0,0,0
143,02/03/2024 12:00,0,0,0,0
144,02/03/2024 12:15,0,0,0,0
145,02/03/2024 12:30,0,0,0,0
146,02/03/2024 12:45,0,0,0,0
147,02/03/2024 13:00,0,0,0,0
148,02/03/2024 13:15,0,0,0,0
149,02/03/2024 13:30,0,0,0,0
150,02/03/2024 13:45,0,0,0,0
151,02/03/2024 14:00,0,0,0,0
152,02/03/2024 14:15,0,0,0,0
153,02/03/2024 14:30,0,0,0,0
154,02/03/2024 14:45,0,0,0,0
155,02/03/2024 15:00,0,0,0,0
156,02/03/2024 15:15,0,0,0,0
157,02/03/2024 15:30,0,0,0,0
158,02/03/2024 15:45,0,0,0,0
159,02/03/2024 16:00,0,0,0,0
160,02/03/2024 16:15,0,0,0,0
161,02/03/2024 16:30,0,0,0,0
162,02/03/2024 16:45,0,0,0,0
163,02/03/2024 17:00,0,0,0,0
164,02/03/2024 17:15,0,0,0,0
165,02/03/2024 17:30,0,0,0,0
166,02/03/2024 17:45,0,0,0,0
167,02/03/2024 18:00,0,0,0,0
168,02/03/2024 18:15,0,0,0,0
169,02/03/2024 18:30,0,0,0,0
170,02/03/2024 18:45,0,0,0,0
171,02/03/2024 19:00,0,0,0,0
172,02/03/2024 19:15,0,0,0,0
173,02/03/2024 19:30,0,0,0,0
174,02/03/2024 19:45,0,0,0,0
175,02/03/2024 20:00,0,0,0,0
176,02/03/2024 20:15,0,0,0,0
177,02/03/2024 20:30,0,0,0,0
178,02/03/2024 20:45,0,0,0,0
179,02/03/2024 21:00,0,0,0,0
180,02/03/2024 21:15,0,0,0,0
181,02/03/2024 21:30,0,0,0,0
182,02/03/2024 21:45,0,0,0,0
183,02/03/2024 22:00,0,0,0,0
184,02/03/2024 22:15,0,0,0,0
185,02/03/2024 22:30,0,0,0,0
186,02/03/2024 22:45,0,0,0,0
187,02/03/2024 23:00,0,0,0,0
188,02/03/2024 23:15,0,0,0,0
189,02/03/2024 23:30,0,0,0,0
190,02/03/2024 23:45,0,0,0,0
191,03/03/2024 00:00,0,0,0,0
192,03/03/2024 00:15,0,0,0,0
193,03/03/2024 00:30,0,0,0,0
194,03/03/2024 00:45,0,0,0,0
195,03/03/2024 01:00,0,0,0,0
196,03/03/2024 01:15,0,0,0,0
197,03/03/2024 01:30,0,0,0,0
198,03/03/2024 01:45,0,0,0,0
199,03/03/2024 02:00,0,0,0,0
200,03/03/2024 02:15,0,0,0,0
201,03/03/2024 02:30,0,0,0,0
202,03/03/2024 02:45,0,0,0,0
203,03/03/2024 03:00,0,0,0,0
204,03/03/2024 03:15,0,0,0,0
205,03/03/2024 03:30,0,0,0,0
206,03/03/2024 03:45,0,0,0,0
207,03/03/2024 04:00,0,0,0,0
208,03/03/2024 04:15,0,0,0,0
209,03/03/2024 04:30,0,0,0,0
210,03/03/2024 04:45,0,0,0,0
211,03/03/2024 05:00,0,0,0,0
212,03/03/2024 05:15,0,0,0,0
213,03/03/2024 05:30,0,0,0,0
214,03/03/2024 05:45,0,0,0,0
215,03/03/2024 06:00,0,0,0,0
216,03/03/2024 06:15,0,0,0,0
217,03/03/2024 06:30,0,0,0,0
218,03/03/2024 06:45,0,0,0,0
219,03/03/2024 07:00,0,0,0,0
220,03/03/2024 07:15,0,0,0,0
221,03/03/2024 07:30,0,0,0,0
222,03/03/2024 07:45,0,0,0,0
223,03/03/2024 08:00,0,0,0,0
224,03/03/2024 08:15,0,0,0,0
225,03/03/2024 08:30,0,0,0,0
226,03/03/2024 08:45,0,0,0,0
227,03/03/2024 09:00,0,0,0,0
228,03/03/2024 09:15,0,0,0,0
229,03/03/2024 09:30,0,0,0,0
230,03/03/2024 09:45,0,0,0,0
231,03/03/2024 10:00,0,0,0,0
232,03/03/2024 10:15,0,0,0,0
233,03/03/2024 10:30,0,0,0,0
234,03/03/2024 10:45,0,0,0,0
235,03/03/2024 11:00,0,0,0,0
236,03/03/2024 11:15,0,0,0,0
237,03/03/2024 11:30,0,0,0,0
238,03/03/2024 11:45,0,0,0,0
239,03/03/2024 12:00,0,0,0,0
240,03/03/2024 12:15,0,0,0,0
241,03/03/2024 12:30,0,0,0,0
242,03/03/2024 12:45,0,0,0,0
243,03/03/2024 13:00,0,0,0,0
244,03/03/2024 13:15,0,0,0,0
245,03/03/2024 13:30,0,0,0,0
246,03/03/2024 13:45,0,0,0,0
247,03/03/2024 14:00,0,0,0,0
248,03/03/2024 14:15,0,0,0,0
249,03/03/2024 14:30,0,0,0,0
250,03/03/2024 14:45,0,0,0,0
251,03/03/2024 15:00,0,0,0,0
252,03/03/2024 15:15,0,0,0,0
253,03/03/2024 15:30,0,0,0,0
254,03/03/2024 15:45,0,0,0,0
255,03/03/2024 16:00,0,0,0,0
256,03/03/2024 16:15,0,0,0,0
257,03/03/2024 16:30,0,0,0,0
258,03/03/2024 16:45,0,0,0,0
259,03/03/2024 17:00,0,0,0,0
260,03/03/2024 17:15,0,0,0,0
261,03/03/2024 17:30,0,0,0,0
262,03/03/2024 17:45,0,0,0,0
263,03/03/2024 18:00,0,0,0,0
264,03/03/2024 18:15,0,0,0,0
265,03/03/2024 18:30,0,0,0,0
266,03/03/2024 18:45,0,0,0,0
267,03/03/2024 19:00,0,0,0,0
268,03/03/2024 19:15,0,0,0,0
269,03/03/2024 19:30,0,0,0,0
270,03/03/2024 19:45,0,0,0,0
271,03/03/2024 20:00,0,0,0,0
272,03/03/2024 20:15,0,0,0,0
273,03/03/2024 20:30,0,0,0,0
274,03/03/2024 20:45,0,0,0,0
275,03/03/2024 21:00,0,0,0,0
276,03/03/2024 21:15,0,0,0,0
277,03/03/2024 21:30,0,0,0,0
278,03/03/2024 21:45,0,0,0,0
279,03/03/2024 22:00,0,0,0,0
280,03/03/2024 22:15,0,0,0,0
281,03/03/2024 22:30,0,0,0,0
282,03/03/2024 22:45,0,0,0,0
283,03/03/2024 23:00,0,0,0,0
284,03/03/2024 23:15,0,0,0,0
285,03/03/2024 23:30,0,0,0,0
286,03/03/2024 23:45,0,0,0,0
287,04/03/2024 00:00,0,0,0,0
288,04/03/2024 00:15,0,0,0,0
289,04/03/2024 00:30,0,0,0,0
290,04/03/2024 00:45,0,0,0,0
291,04/03/2024 01:00,0,0,0,0
292,04/03/2024 01:15,0,0,0,0
293,04/03/2024 01:30,0,0,0,0
294,04/03/2024 01:45,0,0,0,0
295,04/03/2024 02:00,0,0,0,0
296,04/03/2024 02:15,0,0,0,0
297,04/03/2024 02:30,0,0,0,0
298,04/03/2024 02:45,0,0,0,0
299,04/03/2024 03:00,0,0,0,0
300,04/03/2024 03:15,0,0,0,0
301,04/03/2024 03:30,0,0,0,0
302,04/03/2024 03:45,0,0,0,0
303,04/03/2024 04:00,0,0,0,0
304,04/03/2024 04:15,0,0,0,0
305,04/03/2024 04:30,0,0,0,0
306,04/03/2024 04:45,0,0,0,0
307,04/03/2024 05:00,0,0,0,0
308,04/03/2024 05:15,0,0,0,0
309,04/03/2024 05:30,0,0,0,0
310,04/03/2024 05:45,0,0,0,0
311,04/03/2024 06:00,0,0,0,0
312,04/03/2024 06:15,0,0,0,0
313,04/03/2024 06:30,0,0,0,0
314,04/03/2024 06:45,0,0,0,0
315,04/03/2024 07:00,0,0,0,0
316,04/03/2024 07:15,0,0,0,0
317,04/03/2024 07:30,0,0,0,0
318,04/03/2024 07:45,0,0,0,0
319,04/03/2024 08:00,0,0,0,0
320,04/03/2024 08:15,0,0,0,0
321,04/03/2024 08:30,0,0,0,0
322,04/03/2024 08:45,0,0,0,0
323,04/03/2024 09:00,0,0,0,0
324,04/03/2024 09:15,0,0,0,0
325,04/03/2024 09:30,0,0,0,0
326,04/03/2024 09:45,0,0,0,0
327,04/03/2024 10:00,0,0,0,0
328,04/03/2024 10:15,0,0,0,0
329,04/03/2024 10:30,0,0,0,0
330,04/03/2024 10:45,0,0,0,0
331,04/03/2024 11:00,0,0,0,0
332,04/03/2024 11:15,0,0,0,0
333,04/03/2024 11:30,0,0,0,0
334,04/03/2024 11:45,0,0,0,0
335,04/03/2024 12:00,0,0,0,0
336,04/03/2024 12:15,0,0,0,0
337,04/03/2024 12:30,0,0,0,0
338,04/03/2024 12:45,0,0,0,0
339,04/03/2024 13:00,0,0,0,0
340,04/03/2024 13:15,0,0,0,0
341,04/03/2024 13:30,0,0,0,0
342,04/03/2024 13:45,0,0,0,0
343,04/03/2024 14:00,0,0,0,0
344,04/03/2024 14:15,0,0,0,0
345,04/03/2024 14:30,0,0,0,0
346,04/03/2024 14:45,0,0,0,0
347,04/03/2024 15:00,0,0,0,0
348,04/03/2024 15:15,0,0,0,0
349,04/03/2024 15:30,0,0,0,0
350,04/03/2024 15:45,0,0,0,0
351,04/03/2024 16:00,0,0,0,0
352,04/03/2024 16:15,0,0,0,0
353,04/03/2024 16:30,0,0,0,0
354,04/03/2024 16:45,0,0,0,0
355,04/03/2024 17:00,0,0,0,0
356,04/03/2024 17:15,0,0,0,0
357,04/03/2024 17:30,0,0,0,0
358,04/03/2024 17:45,0,0,0,0
359,04/03/2024 18:00,0,0,0,0
360,04/03/2024 18:15,0,0,0,0
361,04/03/2024 18:30,0,0,0,0
362,04/03/2024 18:45,0,0,0,0
363,04/03/2024 19:00,0,0,0,0
364,04/03/2024 19:15,0,0,0,0
365,04/03/2024 19:30,0,0,0,0
366,04/03/2024 19:45,0,0,0,0
367,04/03/2024 20:00,0,0,0,0
368,04/03/2024 20:15,0,0,0,0
369,04/03/2024 20:30,0,0,0,0
370,04/03/2024 20:45,0,0,0,0
371,04/03/2024 21:00,0,0,0,0
372,04/03/2024 21:15,0,0,0,0
373,04/03/2024 21:30,0,0,0,0
374,04/03/2024 21:45,0,0,0,0
375,04/03/2024 22:00,0,0,0,0
376,04/03/2024 22:15,0,0,0,0
377,04/03/2024 22:30,0,0,0,0
378,04/03/2024 22:45,0,0,0,0
379,04/03/2024 23:00,0,0,0,0
380,04/03/2024 23:15,0,0,0,0
381,04/03/2024 23:30,0,0,0,0
382,04/03/2024 23:45,0,0,0,0
383,05/03/2024 00:00,0,0,0,0
384,05/03/2024 00:15,0,0,0,0
385,05/03/2024 00:30,0,0,0,0
386,05/03/2024 00:45,0,0,0,0
387,05/03/2024 01:00,0,0,0,0
388,05/03/2024 01:15,0,0,0,0
389,05/03/2024 01:30,0,0,0,0
390,05/03/2024 01:45,0,0,0,0
391,05/03/2024 02:00,0,0,0,0
392,05/03/2024 02:15,0,0,0,0
393,05/03/2024 02:30,0,0,0,0
394,05/03/2024 02:45,0,0,0,0
395,05/03/2024 03:00,0,0,0,0
396,05/03/2024 03:15,0,0,0,0
397,05/03/2024 03:30,0,0,0,0
398,05/03/2024 03:45,0,0,0,0
399,05/03/2024 04:00,0,0,0,0
400,05/03/2024 04:15,0,0,0,0
401,05/03/2024 04:30,0,0,0,0
402,05/03/2024 04:45,0,0,0,0
403,05/03/2024 05:00,0,0,0,0
404,05/03/2024 05:15,0,0,0,0
405,05/03/2024 05:30,0,0,0,0
406,05/03/2024 05:45,0,0,0,0
407,05/03/2024 06:00,0,0,0,0
408,05/03/2024 06:15,0,0,0,0
409,05/03/2024 06:30,0,0,0,0
410,05/03/2024 06:45,0,0,0,0
411,05/03/2024 07:00,0,0,0,0
412,05/03/2024 07:15,0,0,0,0
413,05/03/2024 07:30,0,0,0,0
414,05/03/2024 07:45,0,0,0,0
415,05/03/2024 08:00,0,0,0,0
416,05/03/2024 08:15,0,0,0,0
417,05/03/2024 08:30,0,0,0,0
418,05/03/2024 08:45,0,0,0,0
419,05/03/2024 09:00,0,0,0,0
420,05/03/2024 09:15,0,0,0,0
421,05/03/2024 09:30,0,0,0,0
422,05/03/2024 09:45,0,0,0,0
423,05/03/2024 10:00,0,0,0,0
424,05/03/2024 10:15,0,0,0,0
425,05/03/2024 10:30,0,0,0,0
426,05/03/2024 10:45,0,0,0,0
427,05/03/2024 11:00,0,0,0,0
428,05/03/2024 11:15,0,0,0,0
429,05/03/2024 11:30,0,0,0,0
430,05/03/2024 11:45,0,0,0,0
431,05/03/2024 12:00,0,0,0,0
432,05/03/2024 12:15,0,0,0,0
433,05/03/2024 12:30,0,0,0,0
434,05/03/2024 12:45,0,0,0,0
435,05/03/2024 13:00,0,0,0,0
436,05/03/2024 13:15,0,0,0,0
437,05/03/2024 13:30,0,0,0,0
438,05/03/2024 13:45,0,0,0,0
439,05/03/2024 14:00,0,0,0,0
440,05/03/2024 14:15,0,0,0,0
441,05/03/2024 14:30,0,0,0,0
442,05/03/2024 14:45,0,0,0,0
443,05/03/2024 15:00,0,0,0,0
444,05/03/2024 15:15,0,0,0,0
445,05/03/2024 15:30,0,0,0,0
446,05/03/2024 15:45,0,0,0,0
447,05/03/2024 16:00,0,0,0,0
448,05/03/2024 16:15,0,0,0,0
449,05/03/2024 16:30,0,0,0,0
450,05/03/2024 16:45,0,0,0,0
451,05/03/2024 17:00,0,0,0,0
452,05/03/2024 17:15,0,0,0,0
453,05/03/2024 17:30,0,0,0,0
454,05/03/2024 17:45,0,0,0,0
455,05/03/2024 18:00,0,0,0,0
456,05/03/2024 18:15,0,0,0,0
457,05/03/2024 18:30,0,0,0,0
458,05/03/2024 18:45,0,0,0,0
459,05/03/2024 19:00,0,0,0,0
460,05/03/2024 19:15,0,0,0,0
461,05/03/2024 19:30,0,0,0,0
462,05/03/2024 19:45,0,0,0,0
463,05/03/2024 20:00,0,0,0,0
464,05/03/2024 20:15,0,0,0,0
465,05/03/2024 20:30,0,0,0,0
466,05/03/2024 20:45,0,0,0,0
467,05/03/2024 21:00,0,0,0,0
468,05/03/2024 21:15,0,0,0,0
469,05/03/2024 21:30,0,0,0,0
470,05/03/2024 21:45,0,0,0,0
471,05/03/2024 22:00,0,0,0,0
472,05/03/2024 22:15,0,0,0,0
473,05/03/2024 22:30,0,0,0,0
474,05/03/2024 22:45,0,0,0,0
475,05/03/2024 23:00,0,0,0,0
476,05/03/2024 23:15,0,0,0,0
477,05/03/2024 23:30,0,0,0,0
478,05/03/2024 23:45,0,0,0,0
479,06/03/2024 00:00,0,0,0,0
480,06/03/2024 00:15,0,0,0,0
481,06/03/2024 00:30,0,0,0,0
482,06/03/2024 00:45,0,0,0,0
483,06/03/2024 01:00,0,0,0,0
484,06/03/2024 01:15,0,0,0,0
485,06/03/2024 01:30,0,0,0,0
486,06/03/2024 01:45,0,0,0,0
487,06/03/2024 02:00,0,0,0,0
488,06/03/2024 02:15,0,0,0,0
489,06/03/2024 02:30,0,0,0,0
490,06/03/2024 02:45,0,0,0,0
491,06/03/2024 03:00,0,0,0,0
492,06/03/2024 03:15,0,0,0,0
493,06/03/2024 03:30,0,0,0,0
494,06/03/2024 03:45,0,0,0,0
495,06/03/2024 04:00,0,0,0,0
496,06/03/2024 04:15,0,0,0,0
497,06/03/2024 04:30,0,0,0,0
498,06/03/2024 04:45,0,0,0,0
499,06/03/2024 05:00,0,0,0,0
500,06/03/2024 05:15,0,0,0,0
501,06/03/2024 05:30,0,0,0,0
502,06/03/2024 05:45,0,0,0,0
503,06/03/2024 06:00,0,0,0,0
504,06/03/2024 06:15,0,0,0,0
505,06/03/2024 06:30,0,0,0,0
506,06/03/2024 06:45,0,0,0,0
507,06/03/2024 07:00,0,0,0,0
508,06/03/2024 07:15,0,0,0,0
509,06/03/2024 07:30,0,0,0,0
510,06/03/2024 07:45,0,0,0,0
511,06/03/2024 08:00,0,0,0,0
512,06/03/2024 08:15,0,0,0,0
513,06/03/2024 08:30,0,0,0,0
514,06/03/2024 08:45,0,0,0,0
515,06/03/2024 09:00,0,0,0,0
516,06/03/2024 09:15,0,0,0,0
517,06/03/2024 09:30,0,0,0,0
518,06/03/2024 09:45,0,0,0,0
519,06/03/2024 10:00,0,0,0,0
520,06/03/2024 10:15,0,0,0,0
521,06/03/2024 10:30,0,0,0,0
522,06/03/2024 10:45,0,0,0,0
523,06/03/2024 11:00,0,0,0,0
524,06/03/2024 11:15,0,0,0,0
525,06/03/2024 11:30,0,0,0,0
526,06/03/2024 11:45,0,0,0,0
527,06/03/2024 12:00,0,0,0,0
528,06/03/2024 12:15,0,0,0,0
529,06/03/2024 12:30,0,0,0,0
530,06/03/2024 12:45,0,0,0,0
531,06/03/2024 13:00,0,0,0,0
532,06/03/2024 13:15,0,0,0,0
533,06/03/2024 13:30,0,0,0,0
534,06/03/2024 13:45,0,0,0,0
535,06/03/2024 14:00,0,0,0,0
536,06/03/2024 14:15,0,0,0,0
537,06/03/2024 14:30,0,0,0,0
538,06/03/2024 14:45,0,0,0,0
539,06/03/2024 15:00,0,0,0,0
540,06/03/2024 15:15,0,0,0,0
541,06/03/2024 15:30,0,0,0,0
542,06/03/2024 15:45,0,0,0,0
543,06/03/2024 16:00,0,0,0,0
544,06/03/2024 16:15,0,0,0,0
545,06/03/2024 16:30,0,0,0,0
546,06/03/2024 16:45,0,0,0,0
547,06/03/2024 17:00,0,0,0,0
548,06/03/2024 17:15,0,0,0,0
549,06/03/2024 17:30,0,0,0,0
550,06/03/2024 17:45,0,0,0,0
551,06/03/2024 18:00,0,0,0,0
552,06/03/2024 18:15,0,0,0,0
553,06/03/2024 18:30,0,0,0,0
554,06/03/2024 18:45,0,0,0,0
555,06/03/2024 19:00,0,0,0,0
556,06/03/2024 19:15,0,0,0,0
557,06/03/2024 19:30,0,0,0,0
558,06/03/2024 19:45,0,0,0,0
559,06/03/2024 20:00,0,0,0,0
560,06/03/2024 20:15,0,0,0,0
561,06/03/2024 20:30,0,0,0,0
562,06/03/2024 20:45,0,0,0,0
563,06/03/2024 21:00,0,0,0,0
564,06/03/2024 21:15,0,0,0,0
565,06/03/2024 21:30,0,0,0,0
566,06/03/2024 21:45,0,0,0,0
567,06/03/2024 22:00,0,0,0,0
568,06/03/2024 22:15,0,0,0,0
569,06/03/2024 22:30,0,0,0,0
570,06/03/2024 22:45,0,0,0,0
571,06/03/2024 23:00,0,0,0,0
572,06/03/2024 23:15,0,0,0,0
573,06/03/2024 23:30,0,0,0,0
574,06/03/2024 23:45,0,0,0,0
575,07/03/2024 00:00,0,0,0,0
576,07/03/2024 00:15,0,0,0,0
577,07/03/2024 00:30,0,0,0,0
578,07/03/2024 00:45,0,0,0,0
579,07/03/2024 01:00,0,0,0,0
580,07/03/2024 01:15,0,0,0,0
581,07/03/2024 01:30,0,0,0,0
582,07/03/2024 01:45,0,0,0,0
583,07/03/2024 02:00,0,0,0,0
584,07/03/2024 02:15,0,0,0,0
585,07/03/2024 02:30,0,0,0,0
586,07/03/2024 02:45,0,0,0,0
587,07/03/2024 03:00,0,0,0,0
588,07/03/2024 03:15,0,0,0,0
589,07/03/2024 03:30,0,0,0,0
590,07/03/2024 03:45,0,0,0,0
591,07/03/2024 04:00,0,0,0,0
592,07/03/2024 04:15,0,0,0,0
593,07/03/2024 04:30,0,0,0,0
594,07/03/2024 04:45,0,0,0,0
595,07/03/2024 05:00,0,0,0,0
596,07/03/2024 05:15,0,0,0,0
597,07/03/2024 05:30,0,0,0,0
598,07/03/2024 05:45,0,0,0,0
599,07/03/2024 06:00,0,0,0,0
600,07/03/2024 06:15,0,0,0,0
601,07/03/2024 06:30,0,0,0,0
602,07/03/2024 06:45,0,0,0,0
603,07/03/2024 07:00,0,0,0,0
604,07/03/2024 07:15,0,0,0,0
605,07/03/2024 07:30,0,0,0,0
606,07/03/2024 07:45,0,0,0,0
607,07/03/2024 08:00,0,0,0,0
608,07/03/2024 08:15,0,0,0,0
609,07/03/2024 08:30,0,0,0,0
610,07/03/2024 08:45,0,0,0,0
611,07/03/2024 09:00,0,0,0,0
612,07/03/2024 09:15,0,0,0,0
613,07/03/2024 09:30,0,0,0,0
614,07/03/2024 09:45,0,0,0,0
615,07/03/2024 10:00,0,0,0,0
616,07/03/2024 10:15,0,0,0,0
617,07/03/2024 10:30,0,0,0,0
618,07/03/2024 10:45,0,0,0,0
619,07/03/2024 11:00,0,0,0,0
620,07/03/2024 11:15,0,0,0,0
621,07/03/2024 11:30,0,0,0,0
622,07/03/2024 11:45,0,0,0,0
623,07/03/2024 12:00,0,0,0,0
624,07/03/2024 12:15,0,0,0,0
625,07/03/2024 12:30,0,0,0,0
626,07/03/2024 12:45,0,0,0,0
627,07/03/2024 13:00,0,0,0,0
628,07/03/2024 13:15,0,0,0,0
629,07/03/2024 13:30,0,0,0,0
630,07/03/2024 13:45,0,0,0,0
631,07/03/2024 14:00,0,0,0,0
632,07/03/2024 14:15,0,0,0,0
633,07/03/2024 14:30,0,0,0,0
634,07/03/2024 14:45,0,0,0,0
635,07/03/2024 15:00,0,0,0,0
636,07/03/2024 15:15,0,0,0,0
637,07/03/2024 15:30,0,0,0,0
638,07/03/2024 15:45,0,0,0,0
639,07/03/2024 16:00,0,0,0,0
640,07/03/2024 16:15,0,0,0,0
641,07/03/2024 16:30,0,0,0,0
642,07/03/2024 16:45,0,0,0,0
643,07/03/2024 17:00,0,0,0,0
644,07/03/2024 17:15,0,0,0,0
645,07/03/2024 17:30,0,0,0,0
646,07/03/2024 17:45,0,0,0,0
647,07/03/2024 18:00,0,0,0,0
648,07/03/2024 18:15,0,0,0,0
649,07/03/2024 18:30,0,0,0,0
650,07/03/2024 18:45,0,0,0,0
651,07/03/2024 19:00,0,0,0,0
652,07/03/2024 19:15,0,0,0,0
653,07/03/2024 19:30,0,0,0,0
654,07/03/2024 19:45,0,0,0,0
655,07/03/2024 20:00,0,0,0,0
656,07/03/2024 20:15,0,0,0,0
657,07/03/2024 20:30,0,0,0,0
658,07/03/2024 20:45,0,0,0,0
659,07/03/2024 21:00,0,0,0,0
660,07/03/2024 21:15,0,0,0,0
661,07/03/2024 21:30,0,0,0,0
662,07/03/2024 21:45,0,0,0,0
663,07/03/2024 22:00,0,0,0,0
664,07/03/2024 22:15,0,0,0,0
665,07/03/2024 22:30,0,0,0,0
666,07/03/2024 22:45,0,0,0,0
667,07/03/2024 23:00,0,0,0,0
668,07/03/2024 23:15,0,0,0,0
669,07/03/2024 23:30,0,0,0,0
670,07/03/2024 23:45,0,0,0,0
671,08/03/2024 00:00,0,0,0,0
672,08/03/2024 00:15,0,0,0,0
673,08/03/2024 00:30,0,0,0,0
674,08/03/2024 00:45,0,0,0,0
675,08/03/2024 01:00,0,0,0,0
676,08/03/2024 01:15,0,0,0,0
677,08/03/2024 01:30,0,0,0,0
678,08/03/2024 01:45,0,0,0,0
679,08/03/2024 02:00,0,0,0,0
680,08/03/2024 02:15,0,0,0,0
681,08/03/2024 02:30,0,0,0,0
682,08/03/2024 02:45,0,0,0,0
683,08/03/2024 03:00,0,0,0,0
684,08/03/2024 03:15,0,0,0,0
685,08/03/2024 03:30,0,0,0,0
686,08/03/2024 03:45,0,0,0,0
687,08/03/2024 04:00,0,0,0,0
688,08/03/2024 04:15,0,0,0,0
689,08/03/2024 04:30,0,0,0,0
690,08/03/2024 04:45,0,0,0,0
691,08/03/2024 05:00,0,0,0,0
692,08/03/2024 05:15,0,0,0,0
693,08/03/2024 05:30,0,0,0,0
694,08/03/2024 05:45,0,0,0,0
695,08/03/2024 06:00,0,0,0,0
696,08/03/2024 06:15,0,0,0,0
697,08/03/2024 06:30,0,0,0,0
698,08/03/2024 06:45,0,0,0,0
699,08/03/2024 07:00,0,0,0,0
700,08/03/2024 07:15,0,0,0,0
701,08/03/2024 07:30,0,0,0,0
702,08/03/2024 07:45,0,0,0,0
703,08/03/2024 08:00,0,0,0,0
704,08/03/2024 08:15,0,0,0,0
705,08/03/2024 08:30,0,0,0,0
706,08/03/2024 08:45,0,0,0,0
707,08/03/2024 09:00,0,0,0,0
708,08/03/2024 09:15,0,0,0,0
709,08/03/2024 09:30,0,0,0,0
710,08/03/2024 09:45,0,0,0,0
711,08/03/2024 10:00,0,0,0,0
712,08/03/2024 10:15,0,0,0,0
713,08/03/2024 10:30,0,0,0,0
714,08/03/2024 10:45,0,0,0,0
715,08/03/2024 11:00,0,0,0,0
716,08/03/2024 11:15,0,0,0,0
717,08/03/2024 11:30,0,0,0,0
718,08/03/2024 11:45,0,0,0,0
719,08/03/2024 12:00,0,0,0,0
720,08/03/2024 12:15,0,0,0,0
721,08/03/2024 12:30,0,0,0,0
722,08/03/2024 12:45,0,0,0,0
723,08/03/2024 13:00,0,0,0,0
724,08/03/2024 13:15,0,0,0,0
725,08/03/2024 13:30,0,0,0,0
726,08/03/2024 13:45,0,0,0,0
727,08/03/2024 14:00,0,0,0,0
728,08/03/2024 14:15,0,0,0,0
729,08/03/2024 14:30,0,0,0,0
730,08/03/2024 14:45,0,0,0,0
731,08/03/2024 15:00,0,0,0,0
732,08/03/2024 15:15,0,0,0,0
733,08/03/2024 15:30,0,0,0,0
734,08/03/2024 15:45,0,0,0,0
735,08/03/2024 16:00,0,0,0,0
736,08/03/2024 16:15,0,0,0,0
737,08/03/2024 16:30,0,0,0,0
738,08/03/2024 16:45,0,0,0,0
739,08/03/2024 17:00,0,0,0,0
740,08/03/2024 17:15,0,0,0,0
741,08/03/2024 17:30,0,0,0,0
742,08/03/2024 17:45,0,0,0,0
743,08/03/2024 18:00,0,0,0,0
744,08/03/2024 18:15,0,0,0,0
745,08/03/2024 18:30,0,0,0,0
746,08/03/2024 18:45,0,0,0,0
747,08/03/2024 19:00,0,0,0,0
748,08/03/2024 19:15,0,0,0,0
749,08/03/2024 19:30,0,0,0,0
750,08/03/2024 19:45,0,0,0,0
751,08/03/2024 20:00,0,0,0,0
752,08/03/2024 20:15,0,0,0,0
753,08/03/2024 20:30,0,0,0,0
754,08/03/2024 20:45,0,0,0,0
755,08/03/2024 21:00,0,0,0,0
756,08/03/2024 21:15,0,0,0,0
757,08/03/2024 21:30,0,0,0,0
758,08/03/2024 21:45,0,0,0,0
759,08/03/2024 22:00,0,0,0,0
760,08/03/2024 22:15,0,0,0,0
761,08/03/2024 22:30,0,0,0,0
762,08/03/2024 22:45,0,0,0,0
763,08/03/2024 23:00,0,0,0,0
764,08/03/2024 23:15,0,0,0,0
765,08/03/2024 23:30,0,0,0,0
766,08/03/2024 23:45,0,0,0,0
767,09/03/2024 00:00,0,0,0,0
768,09/03/2024 00:15,0,0,0,0
769,09/03/2024 00:30,0,0,0,0
770,09/03/2024 00:45,0,0,0,0
771,09/03/2024 01:00,0,0,0,0
772,09/03/2024 01:15,0,0,0,0
773,09/03/2024 01:30,0,0,0,0
774,09/03/2024 01:45,0,0,0,0
775,09/03/2024 02:00,0,0,0,0
776,09/03/2024 02:15,0,0,0,0
777,09/03/2024 02:30,0,0,0,0
778,09/03/2024 02:45,0,0,0,0
779,09/03/2024 03:00,0,0,0,0
780,09/03/2024 03:15,0,0,0,0
781,09/03/2024 03:30,0,0,0,0
782,09/03/2024 03:45,0,0,0,0
783,09/03/2024 04:00,0,0,0,0
784,09/03/2024 04:15,0,0,0,0
785,09/03/2024 04:30,0,0,0,0
786,09/03/2024 04:45,0,0,0,0
787,09/03/2024 05:00,0,0,0,0
788,09/03/2024 05:15,0,0,0,0
789,09/03/2024 05:30,0,0,0,0
790,09/03/2024 05:45,0,0,0,0
791,09/03/2024 06:00,0,0,0,0
792,09/03/2024 06:15,0,0,0,0
793,09/03/2024 06:30,0,0,0,0
794,09/03/2024 06:45,0,0,0,0
795,09/03/2024 07:00,0,0,0,0
796,09/03/2024 07:15,0,0,0,0
797,09/03/2024 07:30,0,0,0,0
798,09/03/2024 07:45,0,0,0,0
799,09/03/2024 08:00,0,0,0,0
800,09/03/2024 08:15,0,0,0,0
801,09/03/2024 08:30,0,0,0,0
802,09/03/2024 08:45,0,0,0,0
803,09/03/2024 09:00,0,0,0,0
804,09/03/2024 09:15,0,0,0,0
805,09/03/2024 09:30,0,0,0,0
806,09/03/2024 09:45,0,0,0,0
807,09/03/2024 10:00,0,0,0,0
808,09/03/2024 10:15,0,0,0,0
809,09/03/2024 10:30,0,0,0,0
810,09/03/2024 10:45,0,0,0,0
811,09/03/2024 11:00,0,0,0,0
812,09/03/2024 11:15,0,0,0,0
813,09/03/2024 11:30,0,0,0,0
814,09/03/2024 11:45,0,0,0,0
815,09/03/2024 12:00,0,0,0,0
816,09/03/2024 12:15,0,0,0,0
817,09/03/2024 12:30,0,0,0,0
818,09/03/2024 12:45,0,0,0,0
819,09/03/2024 13:00,0,0,0,0
820,09/03/2024 13:15,0,0,0,0
821,09/03/2024 13:30,0,0,0,0
822,09/03/2024 13:45,0,0,0,0
823,09/03/2024 14:00,0,0,0,0
824,09/03/2024 14:15,0,0,0,0
825,09/03/2024 14:30,0,0,0,0
826,09/03/2024 14:45,0,0,0,0
827,09/03/2024 15:00,0,0,0,0
828,09/03/2024 15:15,0,0,0,0
829,09/03/2024 15:30,0,0,0,0
830,09/03/2024 15:45,0,0,0,0
831,09/03/2024 16:00,0,0,0,0
832,09/03/2024 16:15,0,0,0,0
833,09/03/2024 16:30,0,0,0,0
834,09/03/2024 16:45,0,0,0,0
835,09/03/2024 17:00,0,0,0,0
836,09/03/2024 17:15,0,0,0,0
837,09/03/2024 17:30,0,0,0,0
838,09/03/2024 17:45,0,0,0,0
839,09/03/2024 18:00,0,0,0,0
840,09/03/2024 18:15,0,0,0,0
841,09/03/2024 18:30,0,0,0,0
842,09/03/2024 18:45,0,0,0,0
843,09/03/2024 19:00,0,0,0,0
844,09/03/2024 19:15,0,0,0,0
845,09/03/2024 19:30,0,0,0,0
846,09/03/2024 19:45,0,0,0,0
847,09/03/2024 20:00,0,0,0,0
848,09/03/2024 20:15,0,0,0,0
849,09/03/2024 20:30,0,0,0,0
850,09/03/2024 20:45,0,0,0,0
851,09/03/2024 21:00,0,0,0,0
852,09/03/2024 21:15,0,0,0,0
853,09/03/2024 21:30,0,0,0,0
854,09/03/2024 21:45,0,0,0,0
855,09/03/2024 22:00,0,0,0,0
856,09/03/2024 22:15,0,0,0,0
857,09/03/2024 22:30,0,0,0,0
858,09/03/2024 22:45,0,0,0,0
859,09/03/2024 23:00,0,0,0,0
860,09/03/2024 23:15,0,0,0,0
861,09/03/2024 23:30,0,0,0,0
862,09/03/2024 23:45,0,0,0,0
863,10/03/2024 00:00,0,0,0,0
864,10/03/2024 00:15,0,0,0,0
865,10/03/2024 00:30,0,0,0,0
866,10/03/2024 00:45,0,0,0,0
867,10/03/2024 01:00,0,0,0,0
868,10/03/2024 01:15,0,0,0,0
869,10/03/2024 01:30,0,0,0,0
870,10/03/2024 01:45,0,0,0,0
871,10/03/2024 02:00,0,0,0,0
872,10/03/2024 02:15,0,0,0,0
873,10/03/2024 02:30,0,0,0,0
874,10/03/2024 02:45,0,0,0,0
875,10/03/2024 03:00,0,0,0,0
876,10/03/2024 03:15,0,0,0,0
877,10/03/2024 03:30,0,0,0,0
878,10/03/2024 03:45,0,0,0,0
879,10/03/2024 04:00,0,0,0,0
880,10/03/2024 04:15,0,0,0,0
881,10/03/2024 04:30,0,0,0,0
882,10/03/2024 04:45,0,0,0,0
883,10/03/2024 05:00,0,0,0,0
884,10/03/2024 05:15,0,0,0,0
885,10/03/2024 05:30,0,0,0,0
886,10/03/2024 05:45,0,0,0,0
887,10/03/2024 06:00,0,0,0,0
888,10/03/2024 06:15,0,0,0,0
889,10/03/2024 06:30,0,0,0,0
890,10/03/2024 06:45,0,0,0,0
891,10/03/2024 07:00,0,0,0,0
892,10/03/2024 07:15,0,0,0,0
893,10/03/2024 07:30,0,0,0,0
894,10/03/2024 07:45,0,0,0,0
895,10/03/2024 08:00,0,0,0,0
896,10/03/2024 08:15,0,0,0,0
897,10/03/2024 08:30,0,0,0,0
898,10/03/2024 08:45,0,0,0,0
899,10/03/2024 09:00,0,0,0,0
900,10/03/2024 09:15,0,0,0,0
901,10/03/2024 09:30,0,0,0,0
902,10/03/2024 09:45,0,0,0,0
903,10/03/2024 10:00,0,0,0,0
904,10/03/2024 10:15,0,0,0,0
905,10/03/2024 10:30,0,0,0,0
906,10/03/2024 10:45,0,0,0,0
907,10/03/2024 11:00,0,0,0,0
908,10/03/2024 11:15,0,0,0,0
909,10/03/2024 11:30,0,0,0,0
910,10/03/2024 11:45,0,0,0,0
911,10/03/2024 12:00,0,0,0,0
912,10/03/2024 12:15,0,0,0,0
913,10/03/2024 12:30,0,0,0,0
914,10/03/2024 12:45,0,0,0,0
915,10/03/2024 13:00,0,0,0,0
916,10/03/2024 13:15,0,0,0,0
917,10/03/2024 13:30,0,0,0,0
918,10/03/2024 13:45,0,0,0,0
919,10/03/2024 14:00,0,0,0,0
920,10/03/2024 14:15,0,0,0,0
921,10/03/2024 14:30,0,0,0,0
922,10/03/2024 14:45,0,0,0,0
923,10/03/2024 15:00,0,0,0,0
924,10/03/2024 15:15,0,0,0,0
925,10/03/2024 15:30,0,0,0,0
926,10/03/2024 15:45,0,0,0,0
927,10/03/2024 16:00,0,0,0,0
928,10/03/2024 16:15,0,0,0,0
929,10/03/2024 16:30,0,0,0,0
930,10/03/2024 16:45,0,0,0,0
931,10/03/2024 17:00,0,0,0,0
932,10/03/2024 17:15,0,0,0,0
933,10/03/2024 17:30,0,0,0,0
934,10/03/2024 17:45,0,0,0,0
935,10/03/2024 18:00,0,0,0,0
936,10/03/2024 18:15,0,0,0,0
937,10/03/2024 18:30,0,0,0,0
938,10/03/2024 18:45,0,0,0,0
939,10/03/2024 19:00,0,0,0,0
940,10/03/2024 19:15,0,0,0,0
941,10/03/2024 19:30,0,0,0,0
942,10/03/2024 19:45,0,0,0,0
943,10/03/2024 20:00,0,0,0,0
944,10/03/2024 20:15,0,0,0,0
945,10/03/2024 20:30,0,0,0,0
946,10/03/2024 20:45,0,0,0,0
947,10/03/2024 21:00,0,0,0,0
948,10/03/2024 21:15,0,0,0,0
949,10/03/2024 21:30,0,0,0,0
950,10/03/2024 21:45,0,0,0,0
951,10/03/2024 22:00,0,0,0,0
952,10/03/2024 22:15,0,0,0,0
953,10/03/2024 22:30,0,0,0,0
954,10/03/2024 22:45,0,0,0,0
955,10/03/2024 23:00,0,0,0,0
956,10/03/2024 23:15,0,0,0,0
957,10/03/2024 23:30,0,0,0,0
958,10/03/2024 23:45,0,0,0,0
959,11/03/2024 00:00,0,0,0,0
960,11/03/2024 00:15,0,0,0,0
961,11/03/2024 00:30,0,0,0,0
962,11/03/2024 00:45,0,0,0,0
963,11/03/2024 01:00,0,0,0,0
964,11/03/2024 01:15,0,0,0,0
965,11/03/2024 01:30,0,0,0,0
966,11/03/2024 01:45,0,0,0,0
967,11/03/2024 02:00,0,0,0,0
968,11/03/2024 02:15,0,0,0,0
969,11/03/2024 02:30,0,0,0,0
970,11/03/2024 02:45,0,0,0,0
971,11/03/2024 03:00,0,0,0,0
972,11/03/2024 03:15,0,0,0,0
973,11/03/2024 03:30,0,0,0,0
974,11/03/2024 03:45,0,0,0,0
975,11/03/2024 04:00,0,0,0,0
976,11/03/2024 04:15,0,0,0,0
977,11/03/2024 04:30,0,0,0,0
978,11/03/2024 04:45,0,0,0,0
979,11/03/2024 05:00,0,0,0,0
980,11/03/2024 05:15,0,0,0,0
981,11/03/2024 05:30,0,0,0,0
982,11/03/2024 05:45,0,0,0,0
983,11/03/2024 06:00,0,0,0,0
984,11/03/2024 06:15,0,0,0,0
985,11/03/2024 06:30,0,0,0,0
986,11/03/2024 06:45,0,0,0,0
987,11/03/2024 07:00,0,0,0,0
988,11/03/2024 07:15,0,0,0,0
989,11/03/2024 07:30,0,0,0,0
990,11/03/2024 07:45,0,0,0,0
991,11/03/2024 08:00,0,0,0,0
992,11/03/2024 08:15,0,0,0,0
993,11/03/2024 08:30,0,0,0,0
994,11/03/2024 08:45,0,0,0,0
995,11/03/2024 09:00,0,0,0,0
996,11/03/2024 09:15,0,0,0,0
997,11/03/2024 09:30,0,0,0,0
998,11/03/2024 09:45,0,0,0,0
999,11/03/2024 10:00,0,0,0,0
1000,11/03/2024 10:15,0,0,0,0
1001,11/03/2024 10:30,0,0,0,0
1002,11/03/2024 10:45,0,0,0,0
1003,11/03/2024 11:00,0,0,0,0
1004,11/03/2024 11:15,0,0,0,0
1005,11/03/2024 11:30,0,0,0,0
1006,11/03/2024 11:45,0,0,0,0
1007,11/03/2024 12:00,0,0,0,0
1008,11/03/2024 12:15,0,0,0,0
1009,11/03/2024 12:30,0,0,0,0
1010,11/03/2024 12:45,0,0,0,0
1011,11/03/2024 13:00,0,0,0,0
1012,11/03/2024 13:15,0,0,0,0
1013,11/03/2024 13:30,0,0,0,0
1014,11/03/2024 13:45,0,0,0,0
1015,11/03/2024 14:00,0,0,0,0
1016,11/03/2024 14:15,0,0,0,0
1017,11/03/2024 14:30,0,0,0,0
1018,11/03/2024 14:45,0,0,0,0
1019,11/03/2024 15:00,0,0,0,0
1020,11/03/2024 15:15,0,0,0,0
1021,11/03/2024 15:30,0,0,0,0
1022,11/03/2024 15:45,0,0,0,0
1023,11/03/2024 16:00,0,0,0,0
1024,11/03/2024 16:15,0,0,0,0
1025,11/03/2024 16:30,0,0,0,0
1026,11/03/2024 16:45,0,0,0,0
1027,11/03/2024 17:00,0,0,0,0
1028,11/03/2024 17:15,0,0,0,0
1029,11/03/2024 17:30,0,0,0,0
1030,11/03/2024 17:45,0,0,0,0
1031,11/03/2024 18:00,0,0,0,0
1032,11/03/2024 18:15,0,0,0,0
1033,11/03/2024 18:30,0,0,0,0
1034,11/03/2024 18:45,0,0,0,0
1035,11/03/2024 19:00,0,0,0,0
1036,11/03/2024 19:15,0,0,0,0
1037,11/03/2024 19:30,0,0,0,0
1038,11/03/2024 19:45,0,0,0,0
1039,11/03/2024 20:00,0,0,0,0
1040,11/03/2024 20:15,0,0,0,0
1041,11/03/2024 20:30,0,0,0,0
1042,11/03/2024 20:45,0,0,0,0
1043,11/03/2024 21:00,0,0,0,0
1044,11/03/2024 21:15,0,0,0,0
1045,11/03/2024 21:30,0,0,0,0
1046,11/03/2024 21:45,0,0,0,0
1047,11/03/2024 22:00,0,0,0,0
1048,11/03/2024 22:15,0,0,0,0
1049,11/03/2024 22:30,0,0,0,0
1050,11/03/2024 22:45,0,0,0,0
1051,11/03/2024 23:00,0,0,0,0
1052,11/03/2024 23:15,0,0,0,0
1053,11/03/2024 23:30,0,0,0,0
1054,11/03/2024 23:45,0,0,0,0
1055,12/03/2024 00:00,0,0,0,0
1056,12/03/2024 00:15,0,0,0,0
1057,12/03/2024 00:30,0,0,0,0
1058,12/03/2024 00:45,0,0,0,0
1059,12/03/2024 01:00,0,0,0,0
1060,12/03/2024 01:15,0,0,0,0
1061,12/03/2024 01:30,0,0,0,0
1062,12/03/2024 01:45,0,0,0,0
1063,12/03/2024 02:00,0,0,0,0
1064,12/03/2024 02:15,0,0,0,0
1065,12/03/2024 02:30,0,0,0,0
1066,12/03/2024 02:45,0,0,0,0
1067,12/03/2024 03:00,0,0,0,0
1068,12/03/2024 03:15,0,0,0,0
1069,12/03/2024 03:30,0,0,0,0
1070,12/03/2024 03:45,0,0,0,0
1071,12/03/2024 04:00,0,0,0,0
1072,12/03/2024 04:15,0,0,0,0
1073,12/03/2024 04:30,0,0,0,0
1074,12/03/2024 04:45,0,0,0,0
1075,12/03/2024 05:00,0,0,0,0
1076,12/03/2024 05:15,0,0,0,0
1077,12/03/2024 05:30,0,0,0,0
1078,12/03/2024 05:45,0,0,0,0
1079,12/03/2024 06:00,0,0,0,0
1080,12/03/2024 06:15,0,0,0,0
1081,12/03/2024 06:30,0,0,0,0
1082,12/03/2024 06:45,0,0,0,0
1083,12/03/2024 07:00,0,0,0,0
1084,12/03/2024 07:15,0,0,0,0
1085,12/03/2024 07:30,0,0,0,0
1086,12/03/2024 07:45,0,0,0,0
1087,12/03/2024 08:00,0,0,0,0
1088,12/03/2024 08:15,0,0,0,0
1089,12/03/2024 08:30,0,0,0,0
1090,12/03/2024 08:45,0,0,0,0
1091,12/03/2024 09:00,0,0,0,0
1092,12/03/2024 09:15,0,0,0,0
1093,12/03/2024 09:30,0,0,0,0
1094,12/03/2024 09:45,0,0,0,0
1095,12/03/2024 10:00,0,0,0,0
1096,12/03/2024 10:15,0,0,0,0
1097,12/03/2024 10:30,0,0,0,0
1098,12/03/2024 10:45,0,0,0,0
1099,12/03/2024 11:00,0,0,0,0
1100,12/03/2024 11:15,0,0,0,0
1101,12/03/2024 11:30,0,0,0,0
1102,12/03/2024 11:45,0,0,0,0
1103,12/03/2024 12:00,0,0,0,0
1104,12/03/2024 12:15,0,0,0,0
1105,12/03/2024 12:30,0,0,0,0
1106,12/03/2024 12:45,0,0,0,0
1107,12/03/2024 13:00,0,0,0,0
1108,12/03/2024 13:15,0,0,0,0
1109,12/03/2024 13:30,0,0,0,0
1110,12/03/2024 13:45,0,0,0,0
1111,12/03/2024 14:00,0,0,0,0
1112,12/03/2024 14:15,0,0,0,0
1113,12/03/2024 14:30,0,0,0,0
1114,12/03/2024 14:45,0,0,0,0
1115,12/03/2024 15:00,0,0,0,0
1116,12/03/2024 15:15,0,0,0,0
1117,12/03/2024 15:30,0,0,0,0
1118,12/03/2024 15:45,0,0,0,0
1119,12/03/2024 16:00,0,0,0,0
1120,12/03/2024 16:15,0,0,0,0
1121,12/03/2024 16:30,0,0,0,0
1122,12/03/2024 16:45,0,0,0,0
1123,12/03/2024 17:00,0,0,0,0
1124,12/03/2024 17:15,0,0,0,0
1125,12/03/2024 17:30,0,0,0,0
1126,12/03/2024 17:45,0,0,0,0
1127,12/03/2024 18:00,0,0,0,0
1128,12/03/2024 18:15,0,0,0,0
1129,12/03/2024 18:30,0,0,0,0
1130,12/03/2024 18:45,0,0,0,0
1131,12/03/2024 19:00,0,0,0,0
1132,12/03/2024 19:15,0,0,0,0
1133,12/03/2024 19:30,0,0,0,0
1134,12/03/2024 19:45,0,0,0,0
1135,12/03/2024 20:00,0,0,0,0
1136,12/03/2024 20:15,0,0,0,0
1137,12/03/2024 20:30,0,0,0,0
1138,12/03/2024 20:45,0,0,0,0
1139,12/03/2024 21:00,0,0,0,0
1140,12/03/2024 21:15,0,0,0,0
1141,12/03/2024 21:30,0,0,0,0
1142,12/03/2024 21:45,0,0,0,0
1143,12/03/2024 22:00,0,0,0,0
1144,12/03/2024 22:15,0,0,0,0
1145,12/03/2024 22:30,0,0,0,0
1146,12/03/2024 22:45,0,0,0,0
1147,12/03/2024 23:00,0,0,0,0
1148,12/03/2024 23:15,0,0,0,0
1149,12/03/2024 23:30,0,0,0,0
1150,12/03/2024 23:45,0,0,0,0
1151,13/03/2024 00:00,0,0,0,0
1152,13/03/2024 00:15,0,0,0,0
1153,13/03/2024 00:30,0,0,0,0
1154,13/03/2024 00:45,0,0,0,0
1155,13/03/2024 01:00,0,0,0,0
1156,13/03/2024 01:15,0,0,0,0
1157,13/03/2024 01:30,0,0,0,0
1158,13/03/2024 01:45,0,0,0,0
1159,13/03/2024 02:00,0,0,0,0
1160,13/03/2024 02:15,0,0,0,0
1161,13/03/2024 02:30,0,0,0,0
1162,13/03/2024 02:45,0,0,0,0
1163,13/03/2024 03:00,0,0,0,0
1164,13/03/2024 03:15,0,0,0,0
1165,13/03/2024 03:30,0,0,0,0
1166,13/03/2024 03:45,0,0,0,0
1167,13/03/2024 04:00,0,0,0,0
1168,13/03/2024 04:15,0,0,0,0
1169,13/03/2024 04:30,0,0,0,0
1170,13/03/2024 04:45,0,0,0,0
1171,13/03/2024 05:00,0,0,0,0
1172,13/03/2024 05:15,0,0,0,0
1173,13/03/2024 05:30,0,0,0,0
1174,13/03/2024 05:45,0,0,0,0
1175,13/03/2024 06:00,0,0,0,0
1176,13/03/2024 06:15,0,0,0,0
1177,13/03/2024 06:30,0,0,0,0
1178,13/03/2024 06:45,0,0,0,0
1179,13/03/2024 07:00,0,0,0,0
1180,13/03/2024 07:15,0,0,0,0
1181,13/03/2024 07:30,0,0,0,0
1182,13/03/2024 07:45,0,0,0,0
1183,13/03/2024 08:00,0,0,0,0
1184,13/03/2024 08:15,0,0,0,0
1185,13/03/2024 08:30,0,0,0,0
1186,13/03/2024 08:45,0,0,0,0
1187,13/03/2024 09:00,0,0,0,0
1188,13/03/2024 09:15,0,0,0,0
1189,13/03/2024 09:30,0,0,0,0
1190,13/03/2024 09:45,0,0,0,0
1191,13/03/2024 10:00,0,0,0,0
1192,13/03/2024 10:15,0,0,0,0
1193,13/03/2024 10:30,0,0,0,0
1194,13/03/2024 10:45,0,0,0,0
1195,13/03/2024 11:00,0,0,0,0
1196,13/03/2024 11:15,0,0,0,0
1197,13/03/2024 11:30,0,0,0,0
1198,13/03/2024 11:45,0,0,0,0
1199,13/03/2024 12:00,0,0,0,0
1200,13/03/2024 12:15,0,0,0,0
1201,13/03/2024 12:30,0,0,0,0
1202,13/03/2024 12:45,0,0,0,0
1203,13/03/2024 13:00,0,0,0,0
1204,13/03/2024 13:15,0,0,0,0
1205,13/03/2024 13:30,0,0,0,0
1206,13/03/2024 13:45,0,0,0,0
1207,13/03/2024 14:00,0,0,0,0
1208,13/03/2024 14:15,0,0,0,0
1209,13/03/2024 14:30,0,0,0,0
1210,13/03/2024 14:45,0,0,0,0
1211,13/03/2024 15:00,0,0,0,0
1212,13/03/2024 15:15,0,0,0,0
1213,13/03/2024 15:30,0,0,0,0
1214,13/03/2024 15:45,0,0,0,0
1215,13/03/2024 16:00,0,0,0,0
1216,13/03/2024 16:15,0,0,0,0
1217,13/03/2024 16:30,0,0,0,0
1218,13/03/2024 16:45,0,0,0,0
1219,13/03/2024 17:00,0,0,0,0
1220,13/03/2024 17:15,0,0,0,0
1221,13/03/2024 17:30,0,0,0,0
1222,13/03/2024 17:45,0,0,0,0
1223,13/03/2024 18:00,0,0,0,0
1224,13/03/2024 18:15,0,0,0,0
1225,13/03/2024 18:30,0,0,0,0
1226,13/03/2024 18:45,0,0,0,0
1227,13/03/2024 19:00,0,0,0,0
1228,13/03/2024 19:15,0,0,0,0
1229,13/03/2024 19:30,0,0,0,0
1230,13/03/2024 19:45,0,0,0,0
1231,13/03/2024 20:00,0,0,0,0
1232,13/03/2024 20:15,0,0,0,0
1233,13/03/2024 20:30,0,0,0,0
1234,13/03/2024 20:45,0,0,0,0
1235,13/03/2024 21:00,0,0,0,0
1236,13/03/2024 21:15,0,0,0,0
1237,13/03/2024 21:30,0,0,0,0
1238,13/03/2024 21:45,0,0,0,0
1239,13/03/2024 22:00,0,0,0,0
1240,13/03/2024 22:15,0,0,0,0
1241,13/03/2024 22:30,0,0,0,0
1242,13/03/2024 22:45,0,0,0,0
1243,13/03/2024 23:00,0,0,0,0
1244,13/03/2024 23:15,0,0,0,0
1245,13/03/2024 23:30,0,0,0,0
1246,13/03/2024 23:45,0,0,0,0
1247,14/03/2024 00:00,0,0,0,0
1248,14/03/2024 00:15,0,0,0,0
1249,14/03/2024 00:30,0,0,0,0
1250,14/03/2024 00:45,0,0,0,0
1251,14/03/2024 01:00,0,0,0,0
1252,14/03/2024 01:15,0,0,0,0
1253,14/03/2024 01:30,0,0,0,0
1254,14/03/2024 01:45,0,0,0,0
1255,14/03/2024 02:00,0,0,0,0
1256,14/03/2024 02:15,0,0,0,0
1257,14/03/2024 02:30,0,0,0,0
1258,14/03/2024 02:45,0,0,0,0
1259,14/03/2024 03:00,0,0,0,0
1260,14/03/2024 03:15,0,0,0,0
1261,14/03/2024 03:30,0,0,0,0
1262,14/03/2024 03:45,0,0,0,0
1263,14/03/2024 04:00,0,0,0,0
1264,14/03/2024 04:15,0,0,0,0
1265,14/03/2024 04:30,0,0,0,0
1266,14/03/2024 04:45,0,0,0,0
1267,14/03/2024 05:00,0,0,0,0
1268,14/03/2024 05:15,0,0,0,0
1269,14/03/2024 05:30,0,0,0,0
1270,14/03/2024 05:45,0,0,0,0
1271,14/03/2024 06:00,0,0,0,0
1272,14/03/2024 06:15,0,0,0,0
1273,14/03/2024 06:30,0,0,0,0
1274,14/03/2024 06:45,0,0,0,0
1275,14/03/2024 07:00,0,0,0,0
1276,14/03/2024 07:15,0,0,0,0
1277,14/03/2024 07:30,0,0,0,0
1278,14/03/2024 07:45,0,0,0,0
1279,14/03/2024 08:00,0,0,0,0
1280,14/03/2024 08:15,0,0,0,0
1281,14/03/2024 08:30,0,0,0,0
1282,14/03/2024 08:45,0,0,0,0
1283,14/03/2024 09:00,0,0,0,0
1284,14/03/2024 09:15,0,0,0,0
1285,14/03/2024 09:30,0,0,0,0
1286,14/03/2024 09:45,0,0,0,0
1287,14/03/2024 10:00,0,0,0,0
1288,14/03/2024 10:15,0,0,0,0
1289,14/03/2024 10:30,0,0,0,0
1290,14/03/2024 10:45,0,0,0,0
1291,14/03/2024 11:00,0,0,0,0
1292,14/03/2024 11:15,0,0,0,0
1293,14/03/2024 11:30,0,0,0,0
1294,14/03/2024 11:45,0,0,0,0
1295,14/03/2024 12:00,0,0,0,0
1296,14/03/2024 12:15,0,0,0,0
1297,14/03/2024 12:30,0,0,0,0
1298,14/03/2024 12:45,0,0,0,0
1299,14/03/2024 13:00,0,0,0,0
1300,14/03/2024 13:15,0,0,0,0
1301,14/03/2024 13:30,0,0,0,0
1302,14/03/2024 13:45,0,0,0,0
1303,14/03/2024 14:00,0,0,0,0
1304,14/03/2024 14:15,0,0,0,0
1305,14/03/2024 14:30,0,0,0,0
1306,14/03/2024 14:45,0,0,0,0
1307,14/03/2024 15:00,0,0,0,0
1308,14/03/2024 15:15,0,0,0,0
1309,14/03/2024 15:30,0,0,0,0
1310,14/03/2024 15:45,0,0,0,0
1311,14/03/2024 16:00,0,0,0,0
1312,14/03/2024 16:15,0,0,0,0
1313,14/03/2024 16:30,0,0,0,0
1314,14/03/2024 16:45,0,0,0,0
1315,14/03/2024 17:00,0,0,0,0
1316,14/03/2024 17:15,0,0,0,0
1317,14/03/2024 17:30,0,0,0,0
1318,14/03/2024 17:45,0,0,0,0
1319,14/03/2024 18:00,0,0,0,0
1320,14/03/2024 18:15,0,0,0,0
1321,14/03/2024 18:30,0,0,0,0
1322,14/03/2024 18:45,0,0,0,0
1323,14/03/2024 19:00,0,0,0,0
1324,14/03/2024 19:15,0,0,0,0
1325,14/03/2024 19:30,0,0,0,0
1326,14/03/2024 19:45,0,0,0,0
1327,14/03/2024 20:00,0,0,0,0
1328,14/03/2024 20:15,0,0,0,0
1329,14/03/2024 20:30,0,0,0,0
1330,14/03/2024 20:45,0,0,0,0
1331,14/03/2024 21:00,0,0,0,0
1332,14/03/2024 21:15,0,0,0,0
1333,14/03/2024 21:30,0,0,0,0
1334,14/03/2024 21:45,0,0,0,0
1335,14/03/2024 22:00,0,0,0,0
1336,14/03/2024 22:15,0,0,0,0
1337,14/03/2024 22:30,0,0,0,0
1338,14/03/2024 22:45,0,0,0,0
1339,14/03/2024 23:00,0,0,0,0
1340,14/03/2024 23:15,0,0,0,0
1341,14/03/2024 23:30,0,0,0,0
1342,14/03/2024 23:45,0,0,0,0
1343,15/03/2024 00:00,0,0,0,0
1344,15/03/2024 00:15,0,0,0,0
1345,15/03/2024 00:30,0,0,0,0
1346,15/03/2024 00:45,0,0,0,0
1347,15/03/2024 01:00,0,0,0,0
1348,15/03/2024 01:15,0,0,0,0
1349,15/03/2024 01:30,0,0,0,0
1350,15/03/2024 01:45,0,0,0,0
1351,15/03/2024 02:00,0,0,0,0
1352,15/03/2024 02:15,0,0,0,0
1353,15/03/2024 02:30,0,0,0,0
1354,15/03/2024 02:45,0,0,0,0
1355,15/03/2024 03:00,0,0,0,0
1356,15/03/2024 03:15,0,0,0,0
1357,15/03/2024 03:30,0,0,0,0
1358,15/03/2024 03:45,0,0,0,0
1359,15/03/2024 04:00,0,0,0,0
1360,15/03/2024 04:15,0,0,0,0
1361,15/03/2024 04:30,0,0,0,0
1362,15/03/2024 04:45,0,0,0,0
1363,15/03/2024 05:00,0,0,0,0
1364,15/03/2024 05:15,0,0,0,0
1365,15/03/2024 05:30,0,0,0,0
1366,15/03/2024 05:45,0,0,0,0
1367,15/03/2024 06:00,0,0,0,0
1368,15/03/2024 06:15,0,0,0,0
1369,15/03/2024 06:30,0,0,0,0
1370,15/03/2024 06:45,0,0,0,0
1371,15/03/2024 07:00,0,0,0,0
1372,15/03/2024 07:15,0,0,0,0
1373,15/03/2024 07:30,0,0,0,0
1374,15/03/2024 07:45,0,0,0,0
1375,15/03/2024 08:00,0,0,0,0
1376,15/03/2024 08:15,0,0,0,0
1377,15/03/2024 08:30,0,0,0,0
1378,15/03/2024 08:45,0,0,0,0
1379,15/03/2024 09:00,0,0,0,0
1380,15/03/2024 09:15,0,0,0,0
1381,15/03/2024 09:30,0,0,0,0
1382,15/03/2024 09:45,0,0,0,0
1383,15/03/2024 10:00,0,0,0,0
1384,15/03/2024 10:15,0,0,0,0
1385,15/03/2024 10:30,0,0,0,0
1386,15/03/2024 10:45,0,0,0,0
1387,15/03/2024 11:00,0,0,0,0
1388,15/03/2024 11:15,0,0,0,0
1389,15/03/2024 11:30,0,0,0,0
1390,15/03/2024 11:45,0,0,0,0
1391,15/03/2024 12:00,0,0,0,0
1392,15/03/2024 12:15,0,0,0,0
1393,15/03/2024 12:30,0,0,0,0
1394,15/03/2024 12:45,0,0,0,0
1395,15/03/2024 13:00,0,0,0,0
1396,15/03/2024 13:15,0,0,0,0
1397,15/03/2024 13:30,0,0,0,0
1398,15/03/2024 13:45,0,0,0,0
1399,15/03/2024 14:00,0,0,0,0
1400,15/03/2024 14:15,0,0,0,0
1401,15/03/2024 14:30,0,0,0,0
1402,15/03/2024 14:45,0,0,0,0
1403,15/03/2024 15:00,0,0,0,0
1404,15/03/2024 15:15,0,0,0,0
1405,15/03/2024 15:30,0,0,0,0
1406,15/03/2024 15:45,0,0,0,0
1407,15/03/2024 16:00,0,0,0,0
1408,15/03/2024 16:15,0,0,0,0
1409,15/03/2024 16:30,0,0,0,0
1410,15/03/2024 16:45,0,0,0,0
1411,15/03/2024 17:00,0,0,0,0
1412,15/03/2024 17:15,0,0,0,0
1413,15/03/2024 17:30,0,0,0,0
1414,15/03/2024 17:45,0,0,0,0
1415,15/03/2024 18:00,0,0,0,0
1416,15/03/2024 18:15,0,0,0,0
1417,15/03/2024 18:30,0,0,0,0
1418,15/03/2024 18:45,0,0,0,0
1419,15/03/2024 19:00,0,0,0,0
1420,15/03/2024 19:15,0,0,0,0
1421,15/03/2024 19:30,0,0,0,0
1422,15/03/2024 19:45,0,0,0,0
1423,15/03/2024 20:00,0,0,0,0
1424,15/03/2024 20:15,0,0,0,0
1425,15/03/2024 20:30,0,0,0,0
1426,15/03/2024 20:45,0,0,0,0
1427,15/03/2024 21:00,0,0,0,0
1428,15/03/2024 21:15,0,0,0,0
1429,15/03/2024 21:30,0,0,0,0
1430,15/03/2024 21:45,0,0,0,0
1431,15/03/2024 22:00,0,0,0,0
1432,15/03/2024 22:15,0,0,0,0
1433,15/03/2024 22:30,0,0,0,0
1434,15/03/2024 22:45,0,0,0,0
1435,15/03/2024 23:00,0,0,0,0
1436,15/03/2024 23:15,0,0,0,0
1437,15/03/2024 23:30,0,0,0,0
1438,15/03/2024 23:45,0,0,0,0
1439,16/03/2024 00:00,0,0,0,0
1440,16/03/2024 00:15,0,0,0,0
1441,16/03/2024 00:30,0,0,0,0
1442,16/03/2024 00:45,0,0,0,0
1443,16/03/2024 01:00,0,0,0,0
1444,16/03/2024 01:15,0,0,0,0
1445,16/03/2024 01:30,0,0,0,0
1446,16/03/2024 01:45,0,0,0,0
1447,16/03/2024 02:00,0,0,0,0
1448,16/03/2024 02:15,0,0,0,0
1449,16/03/2024 02:30,0,0,0,0
1450,16/03/2024 02:45,0,0,0,0
1451,16/03/2024 03:00,0,0,0,0
1452,16/03/2024 03:15,0,0,0,0
1453,16/03/2024 03:30,0,0,0,0
1454,16/03/2024 03:45,0,0,0,0
1455,16/03/2024 04:00,0,0,0,0
1456,16/03/2024 04:15,0,0,0,0
1457,16/03/2024 04:30,0,0,0,0
1458,16/03/2024 04:45,0,0,0,0
1459,16/03/2024 05:00,0,0,0,0
1460,16/03/2024 05:15,0,0,0,0
1461,16/03/2024 05:30,0,0,0,0
1462,16/03/2024 05:45,0,0,0,0
1463,16/03/2024 06:00,0,0,0,0
1464,16/03/2024 06:15,0,0,0,0
1465,16/03/2024 06:30,0,0,0,0
1466,16/03/2024 06:45,0,0,0,0
1467,16/03/2024 07:00,0,0,0,0
1468,16/03/2024 07:15,0,0,0,0
1469,16/03/2024 07:30,0,0,0,0
1470,16/03/2024 07:45,0,0,0,0
1471,16/03/2024 08:00,0,0,0,0
1472,16/03/2024 08:15,0,0,0,0
1473,16/03/2024 08:30,0,0,0,0
1474,16/03/2024 08:45,0,0,0,0
1475,16/03/2024 09:00,0,0,0,0
1476,16/03/2024 09:15,0,0,0,0
1477,16/03/2024 09:30,0,0,0,0
1478,16/03/2024 09:45,0,0,0,0
1479,16/03/2024 10:00,0,0,0,0
1480,16/03/2024 10:15,0,0,0,0
1481,16/03/2024 10:30,0,0,0,0
1482,16/03/2024 10:45,0,0,0,0
1483,16/03/2024 11:00,0,0,0,0
1484,16/03/2024 11:15,0,0,0,0
1485,16/03/2024 11:30,0,0,0,0
1486,16/03/2024 11:45,0,0,0,0
1487,16/03/2024 12:00,0,0,0,0
1488,16/03/2024 12:15,0,0,0,0
1489,16/03/2024 12:30,0,0,0,0
1490,16/03/2024 12:45,0,0,0,0
1491,16/03/2024 13:00,0,0,0,0
1492,16/03/2024 13:15,0,0,0,0
1493,16/03/2024 13:30,0,0,0,0
1494,16/03/2024 13:45,0,0,0,0
1495,16/03/2024 14:00,0,0,0,0
1496,16/03/2024 14:15,0,0,0,0
1497,16/03/2024 14:30,0,0,0,0
1498,16/03/2024 14:45,0,0,0,0
1499,16/03/2024 15:00,0,0,0,0
1500,16/03/2024 15:15,0,0,0,0
1501,16/03/2024 15:30,0,0,0,0
1502,16/03/2024 15:45,0,0,0,0
1503,16/03/2024 16:00,0,0,0,0
1504,16/03/2024 16:15,0,0,0,0
1505,16/03/2024 16:30,0,0,0,0
1506,16/03/2024 16:45,0,0,0,0
1507,16/03/2024 17:00,0,0,0,0
1508,16/03/2024 17:15,0,0,0,0
1509,16/03/2024 17:30,0,0,0,0
1510,16/03/2024 17:45,0,0,0,0
1511,16/03/2024 18:00,0,0,0,0
1512,16/03/2024 18:15,0,0,0,0
1513,16/03/2024 18:30,0,0,0,0
1514,16/03/2024 18:45,0,0,0,0
1515,16/03/2024 19:00,0,0,0,0
1516,16/03/2024 19:15,0,0,0,0
1517,16/03/2024 19:30,0,0,0,0
1518,16/03/2024 19:45,0,0,0,0
1519,16/03/2024 20:00,0,0,0,0
1520,16/03/2024 20:15,0,0,0,0
1521,16/03/2024 20:30,0,0,0,0
1522,16/03/2024 20:45,0,0,0,0
1523,16/03/2024 21:00,0,0,0,0
1524,16/03/2024 21:15,0,0,0,0
1525,16/03/2024 21:30,0,0,0,0
1526,16/03/2024 21:45,0,0,0,0
1527,16/03/2024 22:00,0,0,0,0
1528,16/03/2024 22:15,0,0,0,0
1529,16/03/2024 22:30,0,0,0,0
1530,16/03/2024 22:45,0,0,0,0
1531,16/03/2024 23:00,0,0,0,0
1532,16/03/2024 23:15,0,0,0,0
1533,16/03/2024 23:30,0,0,0,0
1534,16/03/2024 23:45,0,0,0,0
1535,17/03/2024 00:00,0,0,0,0
1536,17/03/2024 00:15,0,0,0,0
1537,17/03/2024 00:30,0,0,0,0
1538,17/03/2024 00:45,0,0,0,0
1539,17/03/2024 01:00,0,0,0,0
1540,17/03/2024 01:15,0,0,0,0
1541,17/03/2024 01:30,0,0,0,0
1542,17/03/2024 01:45,0,0,0,0
1543,17/03/2024 02:00,0,0,0,0
1544,17/03/2024 02:15,0,0,0,0
1545,17/03/2024 02:30,0,0,0,0
1546,17/03/2024 02:45,0,0,0,0
1547,17/03/2024 03:00,0,0,0,0
1548,17/03/2024 03:15,0,0,0,0
1549,17/03/2024 03:30,0,0,0,0
1550,17/03/2024 03:45,0,0,0,0
1551,17/03/2024 04:00,0,0,0,0
1552,17/03/2024 04:15,0,0,0,0
1553,17/03/2024 04:30,0,0,0,0
1554,17/03/2024 04:45,0,0,0,0
1555,17/03/2024 05:00,0,0,0,0
1556,17/03/2024 05:15,0,0,0,0
1557,17/03/2024 05:30,0,0,0,0
1558,17/03/2024 05:45,0,0,0,0
1559,17/03/2024 06:00,0,0,0,0
1560,17/03/2024 06:15,0,0,0,0
1561,17/03/2024 06:30,0,0,0,0
1562,17/03/2024 06:45,0,0,0,0
1563,17/03/2024 07:00,0,0,0,0
1564,17/03/2024 07:15,0,0,0,0
1565,17/03/2024 07:30,0,0,0,0
1566,17/03/2024 07:45,0,0,0,0
1567,17/03/2024 08:00,0,0,0,0
1568,17/03/2024 08:15,0,0,0,0
1569,17/03/2024 08:30,0,0,0,0
1570,17/03/2024 08:45,0,0,0,0
1571,17/03/2024 09:00,0,0,0,0
1572,17/03/2024 09:15,0,0,0,0
1573,17/03/2024 09:30,0,0,0,0
1574,17/03/2024 09:45,0,0,0,0
1575,17/03/2024 10:00,0,0,0,0
1576,17/03/2024 10:15,0,0,0,0
1577,17/03/2024 10:30,0,0,0,0
1578,17/03/2024 10:45,0,0,0,0
1579,17/03/2024 11:00,0,0,0,0
1580,17/03/2024 11:15,0,0,0,0
1581,17/03/2024 11:30,0,0,0,0
1582,17/03/2024 11:45,0,0,0,0
1583,17/03/2024 12:00,0,0,0,0
1584,17/03/2024 12:15,0,0,0,0
1585,17/03/2024 12:30,0,0,0,0
1586,17/03/2024 12:45,0,0,0,0
1587,17/03/2024 13:00,0,0,0,0
1588,17/03/2024 13:15,0,0,0,0
1589,17/03/2024 13:30,0,0,0,0
1590,17/03/2024 13:45,0,0,0,0
1591,17/03/2024 14:00,0,0,0,0
1592,17/03/2024 14:15,0,0,0,0
1593,17/03/2024 14:30,0,0,0,0
1594,17/03/2024 14:45,0,0,0,0
1595,17/03/2024 15:00,0,0,0,0
1596,17/03/2024 15:15,0,0,0,0
1597,17/03/2024 15:30,0,0,0,0
1598,17/03/2024 15:45,0,0,0,0
1599,17/03/2024 16:00,0,0,0,0
1600,17/03/2024 16:15,0,0,0,0
1601,17/03/2024 16:30,0,0,0,0
1602,17/03/2024 16:45,0,0,0,0
1603,17/03/2024 17:00,0,0,0,0
1604,17/03/2024 17:15,0,0,0,0
1605,17/03/2024 17:30,0,0,0,0
1606,17/03/2024 17:45,0,0,0,0
1607,17/03/2024 18:00,0,0,0,0
1608,17/03/2024 18:15,0,0,0,0
1609,17/03/2024 18:30,0,0,0,0
1610,17/03/2024 18:45,0,0,0,0
1611,17/03/2024 19:00,0,0,0,0
1612,17/03/2024 19:15,0,0,0,0
1613,17/03/2024 19:30,0,0,0,0
1614,17/03/2024 19:45,0,0,0,0
1615,17/03/2024 20:00,0,0,0,0
1616,17/03/2024 20:15,0,0,0,0
1617,17/03/2024 20:30,0,0,0,0
1618,17/03/2024 20:45,0,0,0,0
1619,17/03/2024 21:00,0,0,0,0
1620,17/03/2024 21:15,0,0,0,0
1621,17/03/2024 21:30,0,0,0,0
1622,17/03/2024 21:45,0,0,0,0
1623,17/03/2024 22:00,0,0,0,0
1624,17/03/2024 22:15,0,0,0,0
1625,17/03/2024 22:30,0,0,0,0
1626,17/03/2024 22:45,0,0,0,0
1627,17/03/2024 23:00,0,0,0,0
1628,17/03/2024 23:15,0,0,0,0
1629,17/03/2024 23:30,0,0,0,0
1630,17/03/2024 23:45,0,0,0,0
1631,18/03/2024 00:00,0,0,0,0
1632,18/03/2024 00:15,0,0,0,0
1633,18/03/2024 00:30,0,0,0,0
1634,18/03/2024 00:45,0,0,0,0
1635,18/03/2024 01:00,0,0,0,0
1636,18/03/2024 01:15,0,0,0,0
1637,18/03/2024 01:30,0,0,0,0
1638,18/03/2024 01:45,0,0,0,0
1639,18/03/2024 02:00,0,0,0,0
1640,18/03/2024 02:15,0,0,0,0
1641,18/03/2024 02:30,0,0,0,0
1642,18/03/2024 02:45,0,0,0,0
1643,18/03/2024 03:00,0,0,0,0
1644,18/03/2024 03:15,0,0,0,0
1645,18/03/2024 03:30,0,0,0,0
1646,18/03/2024 03:45,0,0,0,0
1647,18/03/2024 04:00,0,0,0,0
1648,18/03/2024 04:15,0,0,0,0
1649,18/03/2024 04:30,0,0,0,0
1650,18/03/2024 04:45,0,0,0,0
1651,18/03/2024 05:00,0,0,0,0
1652,18/03/2024 05:15,0,0,0,0
1653,18/03/2024 05:30,0,0,0,0
1654,18/03/2024 05:45,0,0,0,0
1655,18/03/2024 06:00,0,0,0,0
1656,18/03/2024 06:15,0,0,0,0
1657,18/03/2024 06:30,0,0,0,0
1658,18/03/2024 06:45,0,0,0,0
1659,18/03/2024 07:00,0,0,0,0
1660,18/03/2024 07:15,0,0,0,0
1661,18/03/2024 07:30,0,0,0,0
1662,18/03/2024 07:45,0,0,0,0
1663,18/03/2024 08:00,0,0,0,0
1664,18/03/2024 08:15,0,0,0,0
1665,18/03/2024 08:30,0,0,0,0
1666,18/03/2024 08:45,0,0,0,0
1667,18/03/2024 09:00,0,0,0,0
1668,18/03/2024 09:15,0,0,0,0
1669,18/03/2024 09:30,0,0,0,0
1670,18/03/2024 09:45,0,0,0,0
1671,18/03/2024 10:00,0,0,0,0
1672,18/03/2024 10:15,0,0,0,0
1673,18/03/2024 10:30,0,0,0,0
1674,18/03/2024 10:45,0,0,0,0
1675,18/03/2024 11:00,0,0,0,0
1676,18/03/2024 11:15,0,0,0,0
1677,18/03/2024 11:30,0,0,0,0
1678,18/03/2024 11:45,0,0,0,0
1679,18/03/2024 12:00,0,0,0,0
1680,18/03/2024 12:15,0,0,0,0
1681,18/03/2024 12:30,0,0,0,0
1682,18/03/2024 12:45,0,0,0,0
1683,18/03/2024 13:00,0,0,0,0
1684,18/03/2024 13:15,0,0,0,0
1685,18/03/2024 13:30,0,0,0,0
1686,18/03/2024 13:45,0,0,0,0
1687,18/03/2024 14:00,0,0,0,0
1688,18/03/2024 14:15,0,0,0,0
1689,18/03/2024 14:30,0,0,0,0
1690,18/03/2024 14:45,0,0,0,0
1691,18/03/2024 15:00,0,0,0,0
1692,18/03/2024 15:15,0,0,0,0
1693,18/03/2024 15:30,0,0,0,0
1694,18/03/2024 15:45,0,0,0,0
1695,18/03/2024 16:00,0,0,0,0
1696,18/03/2024 16:15,0,0,0,0
1697,18/03/2024 16:30,0,0,0,0
1698,18/03/2024 16:45,0,0,0,0
1699,18/03/2024 17:00,0,0,0,0
1700,18/03/2024 17:15,0,0,0,0
1701,18/03/2024 17:30,0,0,0,0
1702,18/03/2024 17:45,0,0,0,0
1703,18/03/2024 18:00,0,0,0,0
1704,18/03/2024 18:15,0,0,0,0
1705,18/03/2024 18:30,0,0,0,0
1706,18/03/2024 18:45,0,0,0,0
1707,18/03/2024 19:00,0,0,0,0
1708,18/03/2024 19:15,0,0,0,0
1709,18/03/2024 19:30,0,0,0,0
1710,18/03/2024 19:45,0,0,0,0
1711,18/03/2024 20:00,0,0,0,0
1712,18/03/2024 20:15,0,0,0,0
1713,18/03/2024 20:30,0,0,0,0
1714,18/03/2024 20:45,0,0,0,0
1715,18/03/2024 21:00,0,0,0,0
1716,18/03/2024 21:15,0,0,0,0
1717,18/03/2024 21:30,0,0,0,0
1718,18/03/2024 21:45,0,0,0,0
1719,18/03/2024 22:00,0,0,0,0
1720,18/03/2024 22:15,0,0,0,0
1721,18/03/2024 22:30,0,0,0,0
1722,18/03/2024 22:45,0,0,0,0
1723,18/03/2024 23:00,0,0,0,0
1724,18/03/2024 23:15,0,0,0,0
1725,18/03/2024 23:30,0,0,0,0
1726,18/03/2024 23:45,0,0,0,0
1727,19/03/2024 00:00,0,0,0,0
1728,19/03/2024 00:15,0,0,0,0
1729,19/03/2024 00:30,0,0,0,0
1730,19/03/2024 00:45,0,0,0,0
1731,19/03/2024 01:00,0,0,0,0
1732,19/03/2024 01:15,0,0,0,0
1733,19/03/2024 01:30,0,0,0,0
1734,19/03/2024 01:45,0,0,0,0
1735,19/03/2024 02:00,0,0,0,0
1736,19/03/2024 02:15,0,0,0,0
1737,19/03/2024 02:30,0,0,0,0
1738,19/03/2024 02:45,0,0,0,0
1739,19/03/2024 03:00,0,0,0,0
1740,19/03/2024 03:15,0,0,0,0
1741,19/03/2024 03:30,0,0,0,0
1742,19/03/2024 03:45,0,0,0,0
1743,19/03/2024 04:00,0,0,0,0
1744,19/03/2024 04:15,0,0,0,0
1745,19/03/2024 04:30,0,0,0,0
1746,19/03/2024 04:45,0,0,0,0
1747,19/03/2024 05:00,0,0,0,0
1748,19/03/2024 05:15,0,0,0,0
1749,19/03/2024 05:30,0,0,0,0
1750,19/03/2024 05:45,0,0,0,0
1751,19/03/2024 06:00,0,0,0,0
1752,19/03/2024 06:15,0,0,0,0
1753,19/03/2024 06:30,0,0,0,0
1754,19/03/2024 06:45,0,0,0,0
1755,19/03/2024 07:00,0,0,0,0
1756,19/03/2024 07:15,0,0,0,0
1757,19/03/2024 07:30,0,0,0,0
1758,19/03/2024 07:45,0,0,0,0
1759,19/03/2024 08:00,0,0,0,0
1760,19/03/2024 08:15,0,0,0,0
1761,19/03/2024 08:30,0,0,0,0
1762,19/03/2024 08:45,0,0,0,0
1763,19/03/2024 09:00,0,0,0,0
1764,19/03/2024 09:15,0,0,0,0
1765,19/03/2024 09:30,0,0,0,0
1766,19/03/2024 09:45,0,0,0,0
1767,19/03/2024 10:00,0,0,0,0
1768,19/03/2024 10:15,0,0,0,0
1769,19/03/2024 10:30,0,0,0,0
1770,19/03/2024 10:45,0,0,0,0
1771,19/03/2024 11:00,0,0,0,0
1772,19/03/2024 11:15,0,0,0,0
1773,19/03/2024 11:30,0,0,0,0
1774,19/03/2024 11:45,0,0,0,0
1775,19/03/2024 12:00,0,0,0,0
1776,19/03/2024 12:15,0,0,0,0
1777,19/03/2024 12:30,0,0,0,0
1778,19/03/2024 12:45,0,0,0,0
1779,19/03/2024 13:00,0,0,0,0
1780,19/03/2024 13:15,0,0,0,0
1781,19/03/2024 13:30,0,0,0,0
1782,19/03/2024 13:45,0,0,0,0
1783,19/03/2024 14:00,0,0,0,0
1784,19/03/2024 14:15,0,0,0,0
1785,19/03/2024 14:30,0,0,0,0
1786,19/03/2024 14:45,0,0,0,0
1787,19/03/2024 15:00,0,0,0,0
1788,19/03/2024 15:15,0,0,0,0
1789,19/03/2024 15:30,0,0,0,0
1790,19/03/2024 15:45,0,0,0,0
1791,19/03/2024 16:00,0,0,0,0
1792,19/03/2024 16:15,0,0,0,0
1793,19/03/2024 16:30,0,0,0,0
1794,19/03/2024 16:45,0,0,0,0
1795,19/03/2024 17:00,0,0,0,0
1796,19/03/2024 17:15,0,0,0,0
1797,19/03/2024 17:30,0,0,0,0
1798,19/03/2024 17:45,0,0,0,0
1799,19/03/2024 18:00,0,0,0,0
1800,19/03/2024 18:15,0,0,0,0
1801,19/03/2024 18:30,0,0,0,0
1802,19/03/2024 18:45,0,0,0,0
1803,19/03/2024 19:00,0,0,0,0
1804,19/03/2024 19:15,0,0,0,0
1805,19/03/2024 19:30,0,0,0,0
1806,19/03/2024 19:45,0,0,0,0
1807,19/03/2024 20:00,0,0,0,0
1808,19/03/2024 20:15,0,0,0,0
1809,19/03/2024 20:30,0,0,0,0
1810,19/03/2024 20:45,0,0,0,0
1811,19/03/2024 21:00,0,0,0,0
1812,19/03/2024 21:15,0,0,0,0
1813,19/03/2024 21:30,0,0,0,0
1814,19/03/2024 21:45,0,0,0,0
1815,19/03/2024 22:00,0,0,0,0
1816,19/03/2024 22:15,0,0,0,0
1817,19/03/2024 22:30,0,0,0,0
1818,19/03/2024 22:45,0,0,0,0
1819,19/03/2024 23:00,0,0,0,0
1820,19/03/2024 23:15,0,0,0,0
1821,19/03/2024 23:30,0,0,0,0
1822,19/03/2024 23:45,0,0,0,0
1823,20/03/2024 00:00,0,0,0,0
1824,20/03/2024 00:15,0,0,0,0
1825,20/03/2024 00:30,0,0,0,0
1826,20/03/2024 00:45,0,0,0,0
1827,20/03/2024 01:00,0,0,0,0
1828,20/03/2024 01:15,0,0,0,0
1829,20/03/2024 01:30,0,0,0,0
1830,20/03/2024 01:45,0,0,0,0
1831,20/03/2024 02:00,0,0,0,0
1832,20/03/2024 02:15,0,0,0,0
1833,20/03/2024 02:30,0,0,0,0
1834,20/03/2024 02:45,0,0,0,0
1835,20/03/2024 03:00,0,0,0,0
1836,20/03/2024 03:15,0,0,0,0
1837,20/03/2024 03:30,0,0,0,0
1838,20/03/2024 03:45,0,0,0,0
1839,20/03/2024 04:00,0,0,0,0
1840,20/03/2024 04:15,0,0,0,0
1841,20/03/2024 04:30,0,0,0,0
1842,20/03/2024 04:45,0,0,0,0
1843,20/03/2024 05:00,0,0,0,0
1844,20/03/2024 05:15,0,0,0,0
1845,20/03/2024 05:30,0,0,0,0
1846,20/03/2024 05:45,0,0,0,0
1847,20/03/2024 06:00,0,0,0,0
1848,20/03/2024 06:15,0,0,0,0
1849,20/03/2024 06:30,0,0,0,0
1850,20/03/2024 06:45,0,0,0,0
1851,20/03/2024 07:00,0,0,0,0
1852,20/03/2024 07:15,0,0,0,0
1853,20/03/2024 07:30,0,0,0,0
1854,20/03/2024 07:45,0,0,0,0
1855,20/03/2024 08:00,0,0,0,0
1856,20/03/2024 08:15,0,0,0,0
1857,20/03/2024 08:30,0,0,0,0
1858,20/03/2024 08:45,0,0,0,0
1859,20/03/2024 09:00,0,0,0,0
1860,20/03/2024 09:15,0,0,0,0
1861,20/03/2024 09:30,0,0,0,0
1862,20/03/2024 09:45,0,0,0,0
1863,20/03/2024 10:00,0,0,0,0
1864,20/03/2024 10:15,0,0,0,0
1865,20/03/2024 10:30,0,0,0,0
1866,20/03/2024 10:45,0,0,0,0
1867,20/03/2024 11:00,0,0,0,0
1868,20/03/2024 11:15,0,0,0,0
1869,20/03/2024 11:30,0,0,0,0
1870,20/03/2024 11:45,0,0,0,0
1871,20/03/2024 12:00,0,0,0,0
1872,20/03/2024 12:15,0,0,0,0
1873,20/03/2024 12:30,0,0,0,0
1874,20/03/2024 12:45,0,0,0,0
1875,20/03/2024 13:00,0,0,0,0
1876,20/03/2024 13:15,0,0,0,0
1877,20/03/2024 13:30,0,0,0,0
1878,20/03/2024 13:45,0,0,0,0
1879,20/03/2024 14:00,0,0,0,0
1880,20/03/2024 14:15,0,0,0,0
1881,20/03/2024 14:30,0,0,0,0
1882,20/03/2024 14:45,0,0,0,0
1883,20/03/2024 15:00,0,0,0,0
1884,20/03/2024 15:15,0,0,0,0
1885,20/03/2024 15:30,0,0,0,0
1886,20/03/2024 15:45,0,0,0,0
1887,20/03/2024 16:00,0,0,0,0
1888,20/03/2024 16:15,0,0,0,0
1889,20/03/2024 16:30,0,0,0,0
1890,20/03/2024 16:45,0,0,0,0
1891,20/03/2024 17:00,0,0,0,0
1892,20/03/2024 17:15,0,0,0,0
1893,20/03/2024 17:30,0,0,0,0
1894,20/03/2024 17:45,0,0,0,0
1895,20/03/2024 18:00,0,0,0,0
1896,20/03/2024 18:15,0,0,0,0
1897,20/03/2024 18:30,0,0,0,0
1898,20/03/2024 18:45,0,0,0,0
1899,20/03/2024 19:00,0,0,0,0
1900,20/03/2024 19:15,0,0,0,0
1901,20/03/2024 19:30,0,0,0,0
1902,20/03/2024 19:45,0,0,0,0
1903,20/03/2024 20:00,0,0,0,0
1904,20/03/2024 20:15,0,0,0,0
1905,20/03/2024 20:30,0,0,0,0
1906,20/03/2024 20:45,0,0,0,0
1907,20/03/2024 21:00,0,0,0,0
1908,20/03/2024 21:15,0,0,0,0
1909,20/03/2024 21:30,0,0,0,0
1910,20/03/2024 21:45,0,0,0,0
1911,20/03/2024 22:00,0,0,0,0
1912,20/03/2024 22:15,0,0,0,0
1913,20/03/2024 22:30,0,0,0,0
1914,20/03/2024 22:45,0,0,0,0
1915,20/03/2024 23:00,0,0,0,0
1916,20/03/2024 23:15,0,0,0,0
1917,20/03/2024 23:30,0,0,0,0
1918,20/03/2024 23:45,0,0,0,0
1919,21/03/2024 00:00,0,0,0,0
1920,21/03/2024 00:15,0,0,0,0
1921,21/03/2024 00:30,0,0,0,0
1922,21/03/2024 00:45,0,0,0,0
1923,21/03/2024 01:00,0,0,0,0
1924,21/03/2024 01:15,0,0,0,0
1925,21/03/2024 01:30,0,0,0,0
1926,21/03/2024 01:45,0,0,0,0
1927,21/03/2024 02:00,0,0,0,0
1928,21/03/2024 02:15,0,0,0,0
1929,21/03/2024 02:30,0,0,0,0
1930,21/03/2024 02:45,0,0,0,0
1931,21/03/2024 03:00,0,0,0,0
1932,21/03/2024 03:15,0,0,0,0
1933,21/03/2024 03:30,0,0,0,0
1934,21/03/2024 03:45,0,0,0,0
1935,21/03/2024 04:00,0,0,0,0
1936,21/03/2024 04:15,0,0,0,0
1937,21/03/2024 04:30,0,0,0,0
1938,21/03/2024 04:45,0,0,0,0
1939,21/03/2024 05:00,0,0,0,0
1940,21/03/2024 05:15,0,0,0,0
1941,21/03/2024 05:30,0,0,0,0
1942,21/03/2024 05:45,0,0,0,0
1943,21/03/2024 06:00,0,0,0,0
1944,21/03/2024 06:15,0,0,0,0
1945,21/03/2024 06:30,0,0,0,0
1946,21/03/2024 06:45,0,0,0,0
1947,21/03/2024 07:00,0,0,0,0
1948,21/03/2024 07:15,0,0,0,0
1949,21/03/2024 07:30,0,0,0,0
1950,21/03/2024 07:45,0,0,0,0
1951,21/03/2024 08:00,0,0,0,0
1952,21/03/2024 08:15,0,0,0,0
1953,21/03/2024 08:30,0,0,0,0
1954,21/03/2024 08:45,0,0,0,0
1955,21/03/2024 09:00,0,0,0,0
1956,21/03/2024 09:15,0,0,0,0
1957,21/03/2024 09:30,0,0,0,0
1958,21/03/2024 09:45,0,0,0,0
1959,21/03/2024 10:00,0,0,0,0
1960,21/03/2024 10:15,0,0,0,0
1961,21/03/2024 10:30,0,0,0,0
1962,21/03/2024 10:45,0,0,0,0
1963,21/03/2024 11:00,0,0,0,0
1964,21/03/2024 11:15,0,0,0,0
1965,21/03/2024 11:30,0,0,0,0
1966,21/03/2024 11:45,0,0,0,0
1967,21/03/2024 12:00,0,0,0,0
1968,21/03/2024 12:15,0,0,0,0
1969,21/03/2024 12:30,0,0,0,0
1970,21/03/2024 12:45,0,0,0,0
1971,21/03/2024 13:00,0,0,0,0
1972,21/03/2024 13:15,0,0,0,0
1973,21/03/2024 13:30,0,0,0,0
1974,21/03/2024 13:45,0,0,0,0
1975,21/03/2024 14:00,0,0,0,0
1976,21/03/2024 14:15,0,0,0,0
1977,21/03/2024 14:30,0,0,0,0
1978,21/03/2024 14:45,0,0,0,0
1979,21/03/2024 15:00,0,0,0,0
1980,21/03/2024 15:15,0,0,0,0
1981,21/03/2024 15:30,0,0,0,0
1982,21/03/2024 15:45,0,0,0,0
1983,21/03/2024 16:00,0,0,0,0
1984,21/03/2024 16:15,0,0,0,0
1985,21/03/2024 16:30,0,0,0,0
1986,21/03/2024 16:45,0,0,0,0
1987,21/03/2024 17:00,0,0,0,0
1988,21/03/2024 17:15,0,0,0,0
1989,21/03/2024 17:30,0,0,0,0
1990,21/03/2024 17:45,0,0,0,0
1991,21/03/2024 18:00,0,0,0,0
1992,21/03/2024 18:15,0,0,0,0
1993,21/03/2024 18:30,0,0,0,0
1994,21/03/2024 18:45,0,0,0,0
1995,21/03/2024 19:00,0,0,0,0
1996,21/03/2024 19:15,0,0,0,0
1997,21/03/2024 19:30,0,0,0,0
1998,21/03/2024 19:45,0,0,0,0
1999,21/03/2024 20:00,0,0,0,0
2000,21/03/2024 20:15,0,0,0,0
2001,21/03/2024 20:30,0,0,0,0
2002,21/03/2024 20:45,0,0,0,0
2003,21/03/2024 21:00,0,0,0,0
2004,21/03/2024 21:15,0,0,0,0
2005,21/03/2024 21:30,0,0,0,0
2006,21/03/2024 21:45,0,0,0,0
2007,21/03/2024 22:00,0,0,0,0
2008,21/03/2024 22:15,0,0,0,0
2009,21/03/2024 22:30,0,0,0,0
2010,21/03/2024 22:45,0,0,0,0
2011,21/03/2024 23:00,0,0,0,0
2012,21/03/2024 23:15,0,0,0,0
2013,21/03/2024 23:30,0,0,0,0
2014,21/03/2024 23:45,0,0,0,0
2015,22/03/2024 00:00,0,0,0,0
2016,22/03/2024 00:15,0,0,0,0
2017,22/03/2024 00:30,0,0,0,0
2018,22/03/2024 00:45,0,0,0,0
2019,22/03/2024 01:00,0,0,0,0
2020,22/03/2024 01:15,0,0,0,0
2021,22/03/2024 01:30,0,0,0,0
2022,22/03/2024 01:45,0,0,0,0
2023,22/03/2024 02:00,0,0,0,0
2024,22/03/2024 02:15,0,0,0,0
2025,22/03/2024 02:30,0,0,0,0
2026,22/03/2024 02:45,0,0,0,0
2027,22/03/2024 03:00,0,0,0,0
2028,22/03/2024 03:15,0,0,0,0
2029,22/03/2024 03:30,0,0,0,0
2030,22/03/2024 03:45,0,0,0,0
2031,22/03/2024 04:00,0,0,0,0
2032,22/03/2024 04:15,0,0,0,0
2033,22/03/2024 04:30,0,0,0,0
2034,22/03/2024 04:45,0,0,0,0
2035,22/03/2024 05:00,0,0,0,0
2036,22/03/2024 05:15,0,0,0,0
2037,22/03/2024 05:30,0,0,0,0
2038,22/03/2024 05:45,0,0,0,0
2039,22/03/2024 06:00,0,0,0,0
2040,22/03/2024 06:15,0,0,0,0
2041,22/03/2024 06:30,0,0,0,0
2042,22/03/2024 06:45,0,0,0,0
2043,22/03/2024 07:00,0,0,0,0
2044,22/03/2024 07:15,0,0,0,0
2045,22/03/2024 07:30,0,0,0,0
2046,22/03/2024 07:45,0,0,0,0
2047,22/03/2024 08:00,0,0,0,0
2048,22/03/2024 08:15,0,0,0,0
2049,22/03/2024 08:30,0,0,0,0
2050,22/03/2024 08:45,0,0,0,0
2051,22/03/2024 09:00,0,0,0,0
2052,22/03/2024 09:15,0,0,0,0
2053,22/03/2024 09:30,0,0,0,0
2054,22/03/2024 09:45,0,0,0,0
2055,22/03/2024 10:00,0,0,0,0
2056,22/03/2024 10:15,0,0,0,0
2057,22/03/2024 10:30,0,0,0,0
2058,22/03/2024 10:45,0,0,0,0
2059,22/03/2024 11:00,0,0,0,0
2060,22/03/2024 11:15,0,0,0,0
2061,22/03/2024 11:30,0,0,0,0
2062,22/03/2024 11:45,0,0,0,0
2063,22/03/2024 12:00,0,0,0,0
2064,22/03/2024 12:15,0,0,0,0
2065,22/03/2024 12:30,0,0,0,0
2066,22/03/2024 12:45,0,0,0,0
2067,22/03/2024 13:00,0,0,0,0
2068,22/03/2024 13:15,0,0,0,0
2069,22/03/2024 13:30,0,0,0,0
2070,22/03/2024 13:45,0,0,0,0
2071,22/03/2024 14:00,0,0,0,0
2072,22/03/2024 14:15,0,0,0,0
2073,22/03/2024 14:30,0,0,0,0
2074,22/03/2024 14:45,0,0,0,0
2075,22/03/2024 15:00,0,0,0,0
2076,22/03/2024 15:15,0,0,0,0
2077,22/03/2024 15:30,0,0,0,0
2078,22/03/2024 15:45,0,0,0,0
2079,22/03/2024 16:00,0,0,0,0
2080,22/03/2024 16:15,0,0,0,0
2081,22/03/2024 16:30,0,0,0,0
2082,22/03/2024 16:45,0,0,0,0
2083,22/03/2024 17:00,0,0,0,0
2084,22/03/2024 17:15,0,0,0,0
2085,22/03/2024 17:30,0,0,0,0
2086,22/03/2024 17:45,0,0,0,0
2087,22/03/2024 18:00,0,0,0,0
2088,22/03/2024 18:15,0,0,0,0
2089,22/03/2024 18:30,0,0,0,0
2090,22/03/2024 18:45,0,0,0,0
2091,22/03/2024 19:00,0,0,0,0
2092,22/03/2024 19:15,0,0,0,0
2093,22/03/2024 19:30,0,0,0,0
2094,22/03/2024 19:45,0,0,0,0
2095,22/03/2024 20:00,0,0,0,0
2096,22/03/2024 20:15,0,0,0,0
2097,22/03/2024 20:30,0,0,0,0
2098,22/03/2024 20:45,0,0,0,0
2099,22/03/2024 21:00,0,0,0,0
2100,22/03/2024 21:15,0,0,0,0
2101,22/03/2024 21:30,0,0,0,0
2102,22/03/2024 21:45,0,0,0,0
2103,22/03/2024 22:00,0,0,0,0
2104,22/03/2024 22:15,0,0,0,0
2105,22/03/2024 22:30,0,0,0,0
2106,22/03/2024 22:45,0,0,0,0
2107,22/03/2024 23:00,0,0,0,0
2108,22/03/2024 23:15,0,0,0,0
2109,22/03/2024 23:30,0,0,0,0
2110,22/03/2024 23:45,0,0,0,0
2111,23/03/2024 00:00,0,0,0,0
2112,23/03/2024 00:15,0,0,0,0
2113,23/03/2024 00:30,0,0,0,0
2114,23/03/2024 00:45,0,0,0,0
2115,23/03/2024 01:00,0,0,0,0
2116,23/03/2024 01:15,0,0,0,0
2117,23/03/2024 01:30,0,0,0,0
2118,23/03/2024 01:45,0,0,0,0
2119,23/03/2024 02:00,0,0,0,0
2120,23/03/2024 02:15,0,0,0,0
2121,23/03/2024 02:30,0,0,0,0
2122,23/03/2024 02:45,0,0,0,0
2123,23/03/2024 03:00,0,0,0,0
2124,23/03/2024 03:15,0,0,0,0
2125,23/03/2024 03:30,0,0,0,0
2126,23/03/2024 03:45,0,0,0,0
2127,23/03/2024 04:00,0,0,0,0
2128,23/03/2024 04:15,0,0,0,0
2129,23/03/2024 04:30,0,0,0,0
2130,23/03/2024 04:45,0,0,0,0
2131,23/03/2024 05:00,0,0,0,0
2132,23/03/2024 05:15,0,0,0,0
2133,23/03/2024 05:30,0,0,0,0
2134,23/03/2024 05:45,0,0,0,0
2135,23/03/2024 06:00,0,0,0,0
2136,23/03/2024 06:15,0,0,0,0
2137,23/03/2024 06:30,0,0,0,0
2138,23/03/2024 06:45,0,0,0,0
2139,23/03/2024 07:00,0,0,0,0
2140,23/03/2024 07:15,0,0,0,0
2141,23/03/2024 07:30,0,0,0,0
2142,23/03/2024 07:45,0,0,0,0
2143,23/03/2024 08:00,0,0,0,0
2144,23/03/2024 08:15,0,0,0,0
2145,23/03/2024 08:30,0,0,0,0
2146,23/03/2024 08:45,0,0,0,0
2147,23/03/2024 09:00,0,0,0,0
2148,23/03/2024 09:15,0,0,0,0
2149,23/03/2024 09:30,0,0,0,0
2150,23/03/2024 09:45,0,0,0,0
2151,23/03/2024 10:00,0,0,0,0
2152,23/03/2024 10:15,0,0,0,0
2153,23/03/2024 10:30,0,0,0,0
2154,23/03/2024 10:45,0,0,0,0
2155,23/03/2024 11:00,0,0,0,0
2156,23/03/2024 11:15,0,0,0,0
2157,23/03/2024 11:30,0,0,0,0
2158,23/03/2024 11:45,0,0,0,0
2159,23/03/2024 12:00,0,0,0,0
2160,23/03/2024 12:15,0,0,0,0
2161,23/03/2024 12:30,0,0,0,0
2162,23/03/2024 12:45,0,0,0,0
2163,23/03/2024 13:00,0,0,0,0
2164,23/03/2024 13:15,0,0,0,0
2165,23/03/2024 13:30,0,0,0,0
2166,23/03/2024 13:45,0,0,0,0
2167,23/03/2024 14:00,0,0,0,0
2168,23/03/2024 14:15,0,0,0,0
2169,23/03/2024 14:30,0,0,0,0
2170,23/03/2024 14:45,0,0,0,0
2171,23/03/2024 15:00,0,0,0,0
2172,23/03/2024 15:15,0,0,0,0
2173,23/03/2024 15:30,0,0,0,0
2174,23/03/2024 15:45,0,0,0,0
2175,23/03/2024 16:00,0,0,0,0
2176,23/03/2024 16:15,0,0,0,0
2177,23/03/2024 16:30,0,0,0,0
2178,23/03/2024 16:45,0,0,0,0
2179,23/03/2024 17:00,0,0,0,0
2180,23/03/2024 17:15,0,0,0,0
2181,23/03/2024 17:30,0,0,0,0
2182,23/03/2024 17:45,0,0,0,0
2183,23/03/2024 18:00,0,0,0,0
2184,23/03/2024 18:15,0,0,0,0
2185,23/03/2024 18:30,0,0,0,0
2186,23/03/2024 18:45,0,0,0,0
2187,23/03/2024 19:00,0,0,0,0
2188,23/03/2024 19:15,0,0,0,0
2189,23/03/2024 19:30,0,0,0,0
2190,23/03/2024 19:45,0,0,0,0
2191,23/03/2024 20:00,0,0,0,0
2192,23/03/2024 20:15,0,0,0,0
2193,23/03/2024 20:30,0,0,0,0
2194,23/03/2024 20:45,0,0,0,0
2195,23/03/2024 21:00,0,0,0,0
2196,23/03/2024 21:15,0,0,0,0
2197,23/03/2024 21:30,0,0,0,0
2198,23/03/2024 21:45,0,0,0,0
2199,23/03/2024 22:00,0,0,0,0
2200,23/03/2024 22:15,0,0,0,0
2201,23/03/2024 22:30,0,0,0,0
2202,23/03/2024 22:45,0,0,0,0
2203,23/03/2024 23:00,0,0,0,0
2204,23/03/2024 23:15,0,0,0,0
2205,23/03/2024 23:30,0,0,0,0
2206,23/03/2024 23:45,0,0,0,0
2207,24/03/2024 00:00,0,0,0,0
2208,24/03/2024 00:15,0,0,0,0
2209,24/03/2024 00:30,0,0,0,0
2210,24/03/2024 00:45,0,0,0,0
2211,24/03/2024 01:00,0,0,0,0
2212,24/03/2024 01:15,0,0,0,0
2213,24/03/2024 01:30,0,0,0,0
2214,24/03/2024 01:45,0,0,0,0
2215,24/03/2024 02:00,0,0,0,0
2216,24/03/2024 02:15,0,0,0,0
2217,24/03/2024 02:30,0,0,0,0
2218,24/03/2024 02:45,0,0,0,0
2219,24/03/2024 03:00,0,0,0,0
2220,24/03/2024 03:15,0,0,0,0
2221,24/03/2024 03:30,0,0,0,0
2222,24/03/2024 03:45,0,0,0,0
2223,24/03/2024 04:00,0,0,0,0
2224,24/03/2024 04:15,0,0,0,0
2225,24/03/2024 04:30,0,0,0,0
2226,24/03/2024 04:45,0,0,0,0
2227,24/03/2024 05:00,0,0,0,0
2228,24/03/2024 05:15,0,0,0,0
2229,24/03/2024 05:30,0,0,0,0
2230,24/03/2024 05:45,0,0,0,0
2231,24/03/2024 06:00,0,0,0,0
2232,24/03/2024 06:15,0,0,0,0
2233,24/03/2024 06:30,0,0,0,0
2234,24/03/2024 06:45,0,0,0,0
2235,24/03/2024 07:00,0,0,0,0
2236,24/03/2024 07:15,0,0,0,0
2237,24/03/2024 07:30,0,0,0,0
2238,24/03/2024 07:45,0,0,0,0
2239,24/03/2024 08:00,0,0,0,0
2240,24/03/2024 08:15,0,0,0,0
2241,24/03/2024 08:30,0,0,0,0
2242,24/03/2024 08:45,0,0,0,0
2243,24/03/2024 09:00,0,0,0,0
2244,24/03/2024 09:15,0,0,0,0
2245,24/03/2024 09:30,0,0,0,0
2246,24/03/2024 09:45,0,0,0,0
2247,24/03/2024 10:00,0,0,0,0
2248,24/03/2024 10:15,0,0,0,0
2249,24/03/2024 10:30,0,0,0,0
2250,24/03/2024 10:45,0,0,0,0
2251,24/03/2024 11:00,0,0,0,0
2252,24/03/2024 11:15,0,0,0,0
2253,24/03/2024 11:30,0,0,0,0
2254,24/03/2024 11:45,0,0,0,0
2255,24/03/2024 12:00,0,0,0,0
2256,24/03/2024 12:15,0,0,0,0
2257,24/03/2024 12:30,0,0,0,0
2258,24/03/2024 12:45,0,0,0,0
2259,24/03/2024 13:00,0,0,0,0
2260,24/03/2024 13:15,0,0,0,0
2261,24/03/2024 13:30,0,0,0,0
2262,24/03/2024 13:45,0,0,0,0
2263,24/03/2024 14:00,0,0,0,0
2264,24/03/2024 14:15,0,0,0,0
2265,24/03/2024 14:30,0,0,0,0
2266,24/03/2024 14:45,0,0,0,0
2267,24/03/2024 15:00,0,0,0,0
2268,24/03/2024 15:15,0,0,0,0
2269,24/03/2024 15:30,0,0,0,0
2270,24/03/2024 15:45,0,0,0,0
2271,24/03/2024 16:00,0,0,0,0
2272,24/03/2024 16:15,0,0,0,0
2273,24/03/2024 16:30,0,0,0,0
2274,24/03/2024 16:45,0,0,0,0
2275,24/03/2024 17:00,0,0,0,0
2276,24/03/2024 17:15,0,0,0,0
2277,24/03/2024 17:30,0,0,0,0
2278,24/03/2024 17:45,0,0,0,0
2279,24/03/2024 18:00,0,0,0,0
2280,24/03/2024 18:15,0,0,0,0
2281,24/03/2024 18:30,0,0,0,0
2282,24/03/2024 18:45,0,0,0,0
2283,24/03/2024 19:00,0,0,0,0
2284,24/03/2024 19:15,0,0,0,0
2285,24/03/2024 19:30,0,0,0,0
2286,24/03/2024 19:45,0,0,0,0
2287,24/03/2024 20:00,0,0,0,0
2288,24/03/2024 20:15,0,0,0,0
2289,24/03/2024 20:30,0,0,0,0
2290,24/03/2024 20:45,0,0,0,0
2291,24/03/2024 21:00,0,0,0,0
2292,24/03/2024 21:15,0,0,0,0
2293,24/03/2024 21:30,0,0,0,0
2294,24/03/2024 21:45,0,0,0,0
2295,24/03/2024 22:00,0,0,0,0
2296,24/03/2024 22:15,0,0,0,0
2297,24/03/2024 22:30,0,0,0,0
2298,24/03/2024 22:45,0,0,0,0
2299,24/03/2024 23:00,0,0,0,0
2300,24/03/2024 23:15,0,0,0,0
2301,24/03/2024 23:30,0,0,0,0
2302,24/03/2024 23:45,0,0,0,0
2303,25/03/2024 00:00,0,0,0,0
2304,25/03/2024 00:15,0,0,0,0
2305,25/03/2024 00:30,0,0,0,0
2306,25/03/2024 00:45,0,0,0,0
2307,25/03/2024 01:00,0,0,0,0
2308,25/03/2024 01:15,0,0,0,0
2309,25/03/2024 01:30,0,0,0,0
2310,25/03/2024 01:45,0,0,0,0
2311,25/03/2024 02:00,0,0,0,0
2312,25/03/2024 02:15,0,0,0,0
2313,25/03/2024 02:30,0,0,0,0
2314,25/03/2024 02:45,0,0,0,0
2315,25/03/2024 03:00,0,0,0,0
2316,25/03/2024 03:15,0,0,0,0
2317,25/03/2024 03:30,0,0,0,0
2318,25/03/2024 03:45,0,0,0,0
2319,25/03/2024 04:00,0,0,0,0
2320,25/03/2024 04:15,0,0,0,0
2321,25/03/2024 04:30,0,0,0,0
2322,25/03/2024 04:45,0,0,0,0
2323,25/03/2024 05:00,0,0,0,0
2324,25/03/2024 05:15,0,0,0,0
2325,25/03/2024 05:30,0,0,0,0
2326,25/03/2024 05:45,0,0,0,0
2327,25/03/2024 06:00,0,0,0,0
2328,25/03/2024 06:15,0,0,0,0
2329,25/03/2024 06:30,0,0,0,0
2330,25/03/2024 06:45,0,0,0,0
2331,25/03/2024 07:00,0,0,0,0
2332,25/03/2024 07:15,0,0,0,0
2333,25/03/2024 07:30,0,0,0,0
2334,25/03/2024 07:45,0,0,0,0
2335,25/03/2024 08:00,0,0,0,0
2336,25/03/2024 08:15,0,0,0,0
2337,25/03/2024 08:30,0,0,0,0
2338,25/03/2024 08:45,0,0,0,0
2339,25/03/2024 09:00,0,0,0,0
2340,25/03/2024 09:15,0,0,0,0
2341,25/03/2024 09:30,0,0,0,0
2342,25/03/2024 09:45,0,0,0,0
2343,25/03/2024 10:00,0,0,0,0
2344,25/03/2024 10:15,0,0,0,0
2345,25/03/2024 10:30,0,0,0,0
2346,25/03/2024 10:45,0,0,0,0
2347,25/03/2024 11:00,0,0,0,0
2348,25/03/2024 11:15,0,0,0,0
2349,25/03/2024 11:30,0,0,0,0
2350,25/03/2024 11:45,0,0,0,0
2351,25/03/2024 12:00,0,0,0,0
2352,25/03/2024 12:15,0,0,0,0
2353,25/03/2024 12:30,0,0,0,0
2354,25/03/2024 12:45,0,0,0,0
2355,25/03/2024 13:00,0,0,0,0
2356,25/03/2024 13:15,0,0,0,0
2357,25/03/2024 13:30,0,0,0,0
2358,25/03/2024 13:45,0,0,0,0
2359,25/03/2024 14:00,0,0,0,0
2360,25/03/2024 14:15,0,0,0,0
2361,25/03/2024 14:30,0,0,0,0
2362,25/03/2024 14:45,0,0,0,0
2363,25/03/2024 15:00,0,0,0,0
2364,25/03/2024 15:15,0,0,0,0
2365,25/03/2024 15:30,0,0,0,0
2366,25/03/2024 15:45,0,0,0,0
2367,25/03/2024 16:00,0,0,0,0
2368,25/03/2024 16:15,0,0,0,0
2369,25/03/2024 16:30,0,0,0,0
2370,25/03/2024 16:45,0,0,0,0
2371,25/03/2024 17:00,0,0,0,0
2372,25/03/2024 17:15,0,0,0,0
2373,25/03/2024 17:30,0,0,0,0
2374,25/03/2024 17:45,0,0,0,0
2375,25/03/2024 18:00,0,0,0,0
2376,25/03/2024 18:15,0,0,0,0
2377,25/03/2024 18:30,0,0,0,0
2378,25/03/2024 18:45,0,0,0,0
2379,25/03/2024 19:00,0,0,0,0
2380,25/03/2024 19:15,0,0,0,0
2381,25/03/2024 19:30,0,0,0,0
2382,25/03/2024 19:45,0,0,0,0
2383,25/03/2024 20:00,0,0,0,0
2384,25/03/2024 20:15,0,0,0,0
2385,25/03/2024 20:30,0,0,0,0
2386,25/03/2024 20:45,0,0,0,0
2387,25/03/2024 21:00,0,0,0,0
2388,25/03/2024 21:15,0,0,0,0
2389,25/03/2024 21:30,0,0,0,0
2390,25/03/2024 21:45,0,0,0,0
2391,25/03/2024 22:00,0,0,0,0
2392,25/03/2024 22:15,0,0,0,0
2393,25/03/2024 22:30,0,0,0,0
2394,25/03/2024 22:45,0,0,0,0
2395,25/03/2024 23:00,0,0,0,0
2396,25/03/2024 23:15,0,0,0,0
2397,25/03/2024 23:30,0,0,0,0
2398,25/03/2024 23:45,0,0,0,0
2399,26/03/2024 00:00,0,0,0,0
2400,26/03/2024 00:15,0,0,0,0
2401,26/03/2024 00:30,0,0,0,0
2402,26/03/2024 00:45,0,0,0,0
2403,26/03/2024 01:00,0,0,0,0
2404,26/03/2024 01:15,0,0,0,0
2405,26/03/2024 01:30,0,0,0,0
2406,26/03/2024 01:45,0,0,0,0
2407,26/03/2024 02:00,0,0,0,0
2408,26/03/2024 02:15,0,0,0,0
2409,26/03/2024 02:30,0,0,0,0
2410,26/03/2024 02:45,0,0,0,0
2411,26/03/2024 03:00,0,0,0,0
2412,26/03/2024 03:15,0,0,0,0
2413,26/03/2024 03:30,0,0,0,0
2414,26/03/2024 03:45,0,0,0,0
2415,26/03/2024 04:00,0,0,0,0
2416,26/03/2024 04:15,0,0,0,0
2417,26/03/2024 04:30,0,0,0,0
2418,26/03/2024 04:45,0,0,0,0
2419,26/03/2024 05:00,0,0,0,0
2420,26/03/2024 05:15,0,0,0,0
2421,26/03/2024 05:30,0,0,0,0
2422,26/03/2024 05:45,0,0,0,0
2423,26/03/2024 06:00,0,0,0,0
2424,26/03/2024 06:15,0,0,0,0
2425,26/03/2024 06:30,0,0,0,0
2426,26/03/2024 06:45,0,0,0,0
2427,26/03/2024 07:00,0,0,0,0
2428,26/03/2024 07:15,0,0,0,0
2429,26/03/2024 07:30,0,0,0,0
2430,26/03/2024 07:45,0,0,0,0
2431,26/03/2024 08:00,0,0,0,0
2432,26/03/2024 08:15,0,0,0,0
2433,26/03/2024 08:30,0,0,0,0
2434,26/03/2024 08:45,0,0,0,0
2435,26/03/2024 09:00,0,0,0,0
2436,26/03/2024 09:15,0,0,0,0
2437,26/03/2024 09:30,0,0,0,0
2438,26/03/2024 09:45,0,0,0,0
2439,26/03/2024 10:00,0,0,0,0
2440,26/03/2024 10:15,0,0,0,0
2441,26/03/2024 10:30,0,0,0,0
2442,26/03/2024 10:45,0,0,0,0
2443,26/03/2024 11:00,0,0,0,0
2444,26/03/2024 11:15,0,0,0,0
2445,26/03/2024 11:30,0,0,0,0
2446,26/03/2024 11:45,0,0,0,0
2447,26/03/2024 12:00,0,0,0,0
2448,26/03/2024 12:15,0,0,0,0
2449,26/03/2024 12:30,0,0,0,0
2450,26/03/2024 12:45,0,0,0,0
2451,26/03/2024 13:00,0,0,0,0
2452,26/03/2024 13:15,0,0,0,0
2453,26/03/2024 13:30,0,0,0,0
2454,26/03/2024 13:45,0,0,0,0
2455,26/03/2024 14:00,0,0,0,0
2456,26/03/2024 14:15,0,0,0,0
2457,26/03/2024 14:30,0,0,0,0
2458,26/03/2024 14:45,0,0,0,0
2459,26/03/2024 15:00,0,0,0,0
2460,26/03/2024 15:15,0,0,0,0
2461,26/03/2024 15:30,0,0,0,0
2462,26/03/2024 15:45,0,0,0,0
2463,26/03/2024 16:00,0,0,0,0
2464,26/03/2024 16:15,0,0,0,0
2465,26/03/2024 16:30,0,0,0,0
2466,26/03/2024 16:45,0,0,0,0
2467,26/03/2024 17:00,0,0,0,0
2468,26/03/2024 17:15,0,0,0,0
2469,26/03/2024 17:30,0,0,0,0
2470,26/03/2024 17:45,0,0,0,0
2471,26/03/2024 18:00,0,0,0,0
2472,26/03/2024 18:15,0,0,0,0
2473,26/03/2024 18:30,0,0,0,0
2474,26/03/2024 18:45,0,0,0,0
2475,26/03/2024 19:00,0,0,0,0
2476,26/03/2024 19:15,0,0,0,0
2477,26/03/2024 19:30,0,0,0,0
2478,26/03/2024 19:45,0,0,0,0
2479,26/03/2024 20:00,0,0,0,0
2480,26/03/2024 20:15,0,0,0,0
2481,26/03/2024 20:30,0,0,0,0
2482,26/03/2024 20:45,0,0,0,0
2483,26/03/2024 21:00,0,0,0,0
2484,26/03/2024 21:15,0,0,0,0
2485,26/03/2024 21:30,0,0,0,0
2486,26/03/2024 21:45,0,0,0,0
2487,26/03/2024 22:00,0,0,0,0
2488,26/03/2024 22:15,0,0,0,0
2489,26/03/2024 22:30,0,0,0,0
2490,26/03/2024 22:45,0,0,0,0
2491,26/03/2024 23:00,0,0,0,0
2492,26/03/2024 23:15,0,0,0,0
2493,26/03/2024 23:30,0,0,0,0
2494,26/03/2024 23:45,0,0,0,0
2495,27/03/2024 00:00,0,0,0,0
2496,27/03/2024 00:15,0,0,0,0
2497,27/03/2024 00:30,0,0,0,0
2498,27/03/2024 00:45,0,0,0,0
2499,27/03/2024 01:00,0,0,0,0
2500,27/03/2024 01:15,0,0,0,0
2501,27/03/2024 01:30,0,0,0,0
2502,27/03/2024 01:45,0,0,0,0
2503,27/03/2024 02:00,0,0,0,0
2504,27/03/2024 02:15,0,0,0,0
2505,27/03/2024 02:30,0,0,0,0
2506,27/03/2024 02:45,0,0,0,0
2507,27/03/2024 03:00,0,0,0,0
2508,27/03/2024 03:15,0,0,0,0
2509,27/03/2024 03:30,0,0,0,0
2510,27/03/2024 03:45,0,0,0,0
2511,27/03/2024 04:00,0,0,0,0
2512,27/03/2024 04:15,0,0,0,0
2513,27/03/2024 04:30,0,0,0,0
2514,27/03/2024 04:45,0,0,0,0
2515,27/03/2024 05:00,0,0,0,0
2516,27/03/2024 05:15,0,0,0,0
2517,27/03/2024 05:30,0,0,0,0
2518,27/03/2024 05:45,0,0,0,0
2519,27/03/2024 06:00,0,0,0,0
2520,27/03/2024 06:15,0,0,0,0
2521,27/03/2024 06:30,0,0,0,0
2522,27/03/2024 06:45,0,0,0,0
2523,27/03/2024 07:00,0,0,0,0
2524,27/03/2024 07:15,0,0,0,0
2525,27/03/2024 07:30,0,0,0,0
2526,27/03/2024 07:45,0,0,0,0
2527,27/03/2024 08:00,0,0,0,0
2528,27/03/2024 08:15,0,0,0,0
2529,27/03/2024 08:30,0,0,0,0
2530,27/03/2024 08:45,0,0,0,0
2531,27/03/2024 09:00,0,0,0,0
2532,27/03/2024 09:15,0,0,0,0
2533,27/03/2024 09:30,0,0,0,0
2534,27/03/2024 09:45,0,0,0,0
2535,27/03/2024 10:00,0,0,0,0
2536,27/03/2024 10:15,0,0,0,0
2537,27/03/2024 10:30,0,0,0,0
2538,27/03/2024 10:45,0,0,0,0
2539,27/03/2024 11:00,0,0,0,0
2540,27/03/2024 11:15,0,0,0,0
2541,27/03/2024 11:30,0,0,0,0
2542,27/03/2024 11:45,0,0,0,0
2543,27/03/2024 12:00,0,0,0,0
2544,27/03/2024 12:15,0,0,0,0
2545,27/03/2024 12:30,0,0,0,0
2546,27/03/2024 12:45,0,0,0,0
2547,27/03/2024 13:00,0,0,0,0
2548,27/03/2024 13:15,0,0,0,0
2549,27/03/2024 13:30,0,0,0,0
2550,27/03/2024 13:45,0,0,0,0
2551,27/03/2024 14:00,0,0,0,0
2552,27/03/2024 14:15,0,0,0,0
2553,27/03/2024 14:30,0,0,0,0
2554,27/03/2024 14:45,0,0,0,0
2555,27/03/2024 15:00,0,0,0,0
2556,27/03/2024 15:15,0,0,0,0
2557,27/03/2024 15:30,0,0,0,0
2558,27/03/2024 15:45,0,0,0,0
2559,27/03/2024 16:00,0,0,0,0
2560,27/03/2024 16:15,0,0,0,0
2561,27/03/2024 16:30,0,0,0,0
2562,27/03/2024 16:45,0,0,0,0
2563,27/03/2024 17:00,0,0,0,0
2564,27/03/2024 17:15,0,0,0,0
2565,27/03/2024 17:30,0,0,0,0
2566,27/03/2024 17:45,0,0,0,0
2567,27/03/2024 18:00,0,0,0,0
2568,27/03/2024 18:15,0,0,0,0
2569,27/03/2024 18:30,0,0,0,0
2570,27/03/2024 18:45,0,0,0,0
2571,27/03/2024 19:00,0,0,0,0
2572,27/03/2024 19:15,0,0,0,0
2573,27/03/2024 19:30,0,0,0,0
2574,27/03/2024 19:45,0,0,0,0
2575,27/03/2024 20:00,0,0,0,0
2576,27/03/2024 20:15,0,0,0,0
2577,27/03/2024 20:30,0,0,0,0
2578,27/03/2024 20:45,0,0,0,0
2579,27/03/2024 21:00,0,0,0,0
2580,27/03/2024 21:15,0,0,0,0
2581,27/03/2024 21:30,0,0,0,0
2582,27/03/2024 21:45,0,0,0,0
2583,27/03/2024 22:00,0,0,0,0
2584,27/03/2024 22:15,0,0,0,0
2585,27/03/2024 22:30,0,0,0,0
2586,27/03/2024 22:45,0,0,0,0
2587,27/03/2024 23:00,0,0,0,0
2588,27/03/2024 23:15,0,0,0,0
2589,27/03/2024 23:30,0,0,0,0
2590,27/03/2024 23:45,0,0,0,0
2591,28/03/2024 00:00,0,0,0,0
2592,28/03/2024 00:15,0,0,0,0
2593,28/03/2024 00:30,0,0,0,0
2594,28/03/2024 00:45,0,0,0,0
2595,28/03/2024 01:00,0,0,0,0
2596,28/03/2024 01:15,0,0,0,0
2597,28/03/2024 01:30,0,0,0,0
2598,28/03/2024 01:45,0,0,0,0
2599,28/03/2024 02:00,0,0,0,0
2600,28/03/2024 02:15,0,0,0,0
2601,28/03/2024 02:30,0,0,0,0
2602,28/03/2024 02:45,0,0,0,0
2603,28/03/2024 03:00,0,0,0,0
2604,28/03/2024 03:15,0,0,0,0
2605,28/03/2024 03:30,0,0,0,0
2606,28/03/2024 03:45,0,0,0,0
2607,28/03/2024 04:00,0,0,0,0
2608,28/03/2024 04:15,0,0,0,0
2609,28/03/2024 04:30,0,0,0,0
2610,28/03/2024 04:45,0,0,0,0
2611,28/03/2024 05:00,0,0,0,0
2612,28/03/2024 05:15,0,0,0,0
2613,28/03/2024 05:30,0,0,0,0
2614,28/03/2024 05:45,0,0,0,0
2615,28/03/2024 06:00,0,0,0,0
2616,28/03/2024 06:15,0,0,0,0
2617,28/03/2024 06:30,0,0,0,0
2618,28/03/2024 06:45,0,0,0,0
2619,28/03/2024 07:00,0,0,0,0
2620,28/03/2024 07:15,0,0,0,0
2621,28/03/2024 07:30,0,0,0,0
2622,28/03/2024 07:45,0,0,0,0
2623,28/03/2024 08:00,0,0,0,0
2624,28/03/2024 08:15,0,0,0,0
2625,28/03/2024 08:30,0,0,0,0
2626,28/03/2024 08:45,0,0,0,0
2627,28/03/2024 09:00,0,0,0,0
2628,28/03/2024 09:15,0,0,0,0
2629,28/03/2024 09:30,0,0,0,0
2630,28/03/2024 09:45,0,0,0,0
2631,28/03/2024 10:00,0,0,0,0
2632,28/03/2024 10:15,0,0,0,0
2633,28/03/2024 10:30,0,0,0,0
2634,28/03/2024 10:45,0,0,0,0
2635,28/03/2024 11:00,0,0,0,0
2636,28/03/2024 11:15,0,0,0,0
2637,28/03/2024 11:30,0,0,0,0
2638,28/03/2024 11:45,0,0,0,0
2639,28/03/2024 12:00,0,0,0,0
2640,28/03/2024 12:15,0,0,0,0
2641,28/03/2024 12:30,0,0,0,0
2642,28/03/2024 12:45,0,0,0,0
2643,28/03/2024 13:00,0,0,0,0
2644,28/03/2024 13:15,0,0,0,0
2645,28/03/2024 13:30,0,0,0,0
2646,28/03/2024 13:45,0,0,0,0
2647,28/03/2024 14:00,0,0,0,0
2648,28/03/2024 14:15,0,0,0,0
2649,28/03/2024 14:30,0,0,0,0
2650,28/03/2024 14:45,0,0,0,0
2651,28/03/2024 15:00,0,0,0,0
2652,28/03/2024 15:15,0,0,0,0
2653,28/03/2024 15:30,0,0,0,0
2654,28/03/2024 15:45,0,0,0,0
2655,28/03/2024 16:00,0,0,0,0
2656,28/03/2024 16:15,0,0,0,0
2657,28/03/2024 16:30,0,0,0,0
2658,28/03/2024 16:45,0,0,0,0
2659,28/03/2024 17:00,0,0,0,0
2660,28/03/2024 17:15,0,0,0,0
2661,28/03/2024 17:30,0,0,0,0
2662,28/03/2024 17:45,0,0,0,0
2663,28/03/2024 18:00,0,0,0,0
2664,28/03/2024 18:15,0,0,0,0
2665,28/03/2024 18:30,0,0,0,0
2666,28/03/2024 18:45,0,0,0,0
2667,28/03/2024 19:00,0,0,0,0
2668,28/03/2024 19:15,0,0,0,0
2669,28/03/2024 19:30,0,0,0,0
2670,28/03/2024 19:45,0,0,0,0
2671,28/03/2024 20:00,0,0,0,0
2672,28/03/2024 20:15,0,0,0,0
2673,28/03/2024 20:30,0,0,0,0
2674,28/03/2024 20:45,0,0,0,0
2675,28/03/2024 21:00,0,0,0,0
2676,28/03/2024 21:15,0,0,0,0
2677,28/03/2024 21:30,0,0,0,0
2678,28/03/2024 21:45,0,0,0,0
2679,28/03/2024 22:00,0,0,0,0
2680,28/03/2024 22:15,0,0,0,0
2681,28/03/2024 22:30,0,0,0,0
2682,28/03/2024 22:45,0,0,0,0
2683,28/03/2024 23:00,0,0,0,0
2684,28/03/2024 23:15,0,0,0,0
2685,28/03/2024 23:30,0,0,0,0
2686,28/03/2024 23:45,0,0,0,0
2687,29/03/2024 00:00,0,0,0,0
2688,29/03/2024 00:15,0,0,0,0
2689,29/03/2024 00:30,0,0,0,0
2690,29/03/2024 00:45,0,0,0,0
2691,29/03/2024 01:00,0,0,0,0
2692,29/03/2024 01:15,0,0,0,0
2693,29/03/2024 01:30,0,0,0,0
2694,29/03/2024 01:45,0,0,0,0
2695,29/03/2024 02:00,0,0,0,0
2696,29/03/2024 02:15,0,0,0,0
2697,29/03/2024 02:30,0,0,0,0
2698,29/03/2024 02:45,0,0,0,0
2699,29/03/2024 03:00,0,0,0,0
2700,29/03/2024 03:15,0,0,0,0
2701,29/03/2024 03:30,0,0,0,0
2702,29/03/2024 03:45,0,0,0,0
2703,29/03/2024 04:00,0,0,0,0
2704,29/03/2024 04:15,0,0,0,0
2705,29/03/2024 04:30,0,0,0,0
2706,29/03/2024 04:45,0,0,0,0
2707,29/03/2024 05:00,0,0,0,0
2708,29/03/2024 05:15,0,0,0,0
2709,29/03/2024 05:30,0,0,0,0
2710,29/03/2024 05:45,0,0,0,0
2711,29/03/2024 06:00,0,0,0,0
2712,29/03/2024 06:15,0,0,0,0
2713,29/03/2024 06:30,0,0,0,0
2714,29/03/2024 06:45,0,0,0,0
2715,29/03/2024 07:00,0,0,0,0
2716,29/03/2024 07:15,0,0,0,0
2717,29/03/2024 07:30,0,0,0,0
2718,29/03/2024 07:45,0,0,0,0
2719,29/03/2024 08:00,0,0,0,0
2720,29/03/2024 08:15,0,0,0,0
2721,29/03/2024 08:30,0,0,0,0
2722,29/03/2024 08:45,0,0,0,0
2723,29/03/2024 09:00,0,0,0,0
2724,29/03/2024 09:15,0,0,0,0
2725,29/03/2024 09:30,0,0,0,0
2726,29/03/2024 09:45,0,0,0,0
2727,29/03/2024 10:00,0,0,0,0
2728,29/03/2024 10:15,0,0,0,0
2729,29/03/2024 10:30,0,0,0,0
2730,29/03/2024 10:45,0,0,0,0
2731,29/03/2024 11:00,0,0,0,0
2732,29/03/2024 11:15,0,0,0,0
2733,29/03/2024 11:30,0,0,0,0
2734,29/03/2024 11:45,0,0,0,0
2735,29/03/2024 12:00,0,0,0,0
2736,29/03/2024 12:15,0,0,0,0
2737,29/03/2024 12:30,0,0,0,0
2738,29/03/2024 12:45,0,0,0,0
2739,29/03/2024 13:00,0,0,0,0
2740,29/03/2024 13:15,0,0,0,0
2741,29/03/2024 13:30,0,0,0,0
2742,29/03/2024 13:45,0,0,0,0
2743,29/03/2024 14:00,0,0,0,0
2744,29/03/2024 14:15,0,0,0,0
2745,29/03/2024 14:30,0,0,0,0
2746,29/03/2024 14:45,0,0,0,0
2747,29/03/2024 15:00,0,0,0,0
2748,29/03/2024 15:15,0,0,0,0
2749,29/03/2024 15:30,0,0,0,0
2750,29/03/2024 15:45,0,0,0,0
2751,29/03/2024 16:00,0,0,0,0
2752,29/03/2024 16:15,0,0,0,0
2753,29/03/2024 16:30,0,0,0,0
2754,29/03/2024 16:45,0,0,0,0
2755,29/03/2024 17:00,0,0,0,0
2756,29/03/2024 17:15,0,0,0,0
2757,29/03/2024 17:30,0,0,0,0
2758,29/03/2024 17:45,0,0,0,0
2759,29/03/2024 18:00,0,0,0,0
2760,29/03/2024 18:15,0,0,0,0
2761,29/03/2024 18:30,0,0,0,0
2762,29/03/2024 18:45,0,0,0,0
2763,29/03/2024 19:00,0,0,0,0
2764,29/03/2024 19:15,0,0,0,0
2765,29/03/2024 19:30,0,0,0,0
2766,29/03/2024 19:45,0,0,0,0
2767,29/03/2024 20:00,0,0,0,0
2768,29/03/2024 20:15,0,0,0,0
2769,29/03/2024 20:30,0,0,0,0
2770,29/03/2024 20:45,0,0,0,0
2771,29/03/2024 21:00,0,0,0,0
2772,29/03/2024 21:15,0,0,0,0
2773,29/03/2024 21:30,0,0,0,0
2774,29/03/2024 21:45,0,0,0,0
2775,29/03/2024 22:00,0,0,0,0
2776,29/03/2024 22:15,0,0,0,0
2777,29/03/2024 22:30,0,0,0,0
2778,29/03/2024 22:45,0,0,0,0
2779,29/03/2024 23:00,0,0,0,0
2780,29/03/2024 23:15,0,0,0,0
2781,29/03/2024 23:30,0,0,0,0
2782,29/03/2024 23:45,0,0,0,0
2783,30/03/2024 00:00,0,0,0,0
2784,30/03/2024 00:15,0,0,0,0
2785,30/03/2024 00:30,0,0,0,0
2786,30/03/2024 00:45,0,0,0,0
2787,30/03/2024 01:00,0,0,0,0
2788,30/03/2024 01:15,0,0,0,0
2789,30/03/2024 01:30,0,0,0,0
2790,30/03/2024 01:45,0,0,0,0
2791,30/03/2024 02:00,0,0,0,0
2792,30/03/2024 02:15,0,0,0,0
2793,30/03/2024 02:30,0,0,0,0
2794,30/03/2024 02:45,0,0,0,0
2795,30/03/2024 03:00,0,0,0,0
2796,30/03/2024 03:15,0,0,0,0
2797,30/03/2024 03:30,0,0,0,0
2798,30/03/2024 03:45,0,0,0,0
2799,30/03/2024 04:00,0,0,0,0
2800,30/03/2024 04:15,0,0,0,0
2801,30/03/2024 04:30,0,0,0,0
2802,30/03/2024 04:45,0,0,0,0
2803,30/03/2024 05:00,0,0,0,0
2804,30/03/2024 05:15,0,0,0,0
2805,30/03/2024 05:30,0,0,0,0
2806,30/03/2024 05:45,0,0,0,0
2807,30/03/2024 06:00,0,0,0,0
2808,30/03/2024 06:15,0,0,0,0
2809,30/03/2024 06:30,0,0,0,0
2810,30/03/2024 06:45,0,0,0,0
2811,30/03/2024 07:00,0,0,0,0
2812,30/03/2024 07:15,0,0,0,0
2813,30/03/2024 07:30,0,0,0,0
2814,30/03/2024 07:45,0,0,0,0
2815,30/03/2024 08:00,0,0,0,0
2816,30/03/2024 08:15,0,0,0,0
2817,30/03/2024 08:30,0,0,0,0
2818,30/03/2024 08:45,0,0,0,0
2819,30/03/2024 09:00,0,0,0,0
2820,30/03/2024 09:15,0,0,0,0
2821,30/03/2024 09:30,0,0,0,0
2822,30/03/2024 09:45,0,0,0,0
2823,30/03/2024 10:00,0,0,0,0
2824,30/03/2024 10:15,0,0,0,0
2825,30/03/2024 10:30,0,0,0,0
2826,30/03/2024 10:45,0,0,0,0
2827,30/03/2024 11:00,0,0,0,0
2828,30/03/2024 11:15,0,0,0,0
2829,30/03/2024 11:30,0,0,0,0
2830,30/03/2024 11:45,0,0,0,0
2831,30/03/2024 12:00,0,0,0,0
2832,30/03/2024 12:15,0,0,0,0
2833,30/03/2024 12:30,0,0,0,0
2834,30/03/2024 12:45,0,0,0,0
2835,30/03/2024 13:00,0,0,0,0
2836,30/03/2024 13:15,0,0,0,0
2837,30/03/2024 13:30,0,0,0,0
2838,30/03/2024 13:45,0,0,0,0
2839,30/03/2024 14:00,0,0,0,0
2840,30/03/2024 14:15,0,0,0,0
2841,30/03/2024 14:30,0,0,0,0
2842,30/03/2024 14:45,0,0,0,0
2843,30/03/2024 15:00,0,0,0,0
2844,30/03/2024 15:15,0,0,0,0
2845,30/03/2024 15:30,0,0,0,0
2846,30/03/2024 15:45,0,0,0,0
2847,30/03/2024 16:00,0,0,0,0
2848,30/03/2024 16:15,0,0,0,0
2849,30/03/2024 16:30,0,0,0,0
2850,30/03/2024 16:45,0,0,0,0
2851,30/03/2024 17:00,0,0,0,0
2852,30/03/2024 17:15,0,0,0,0
2853,30/03/2024 17:30,0,0,0,0
2854,30/03/2024 17:45,0,0,0,0
2855,30/03/2024 18:00,0,0,0,0
2856,30/03/2024 18:15,0,0,0,0
2857,30/03/2024 18:30,0,0,0,0
2858,30/03/2024 18:45,0,0,0,0
2859,30/03/2024 19:00,0,0,0,0
2860,30/03/2024 19:15,0,0,0,0
2861,30/03/2024 19:30,0,0,0,0
2862,30/03/2024 19:45,0,0,0,0
2863,30/03/2024 20:00,0,0,0,0
2864,30/03/2024 20:15,0,0,0,0
2865,30/03/2024 20:30,0,0,0,0
2866,30/03/2024 20:45,0,0,0,0
2867,30/03/2024 21:00,0,0,0,0
2868,30/03/2024 21:15,0,0,0,0
2869,30/03/2024 21:30,0,0,0,0
2870,30/03/2024 21:45,0,0,0,0
2871,30/03/2024 22:00,0,0,0,0
2872,30/03/2024 22:15,0,0,0,0
2873,30/03/2024 22:30,0,0,0,0
2874,30/03/2024 22:45,0,0,0,0
2875,30/03/2024 23:00,0,0,0,0
2876,30/03/2024 23:15,0,0,0,0
2877,30/03/2024 23:30,0,0,0,0
2878,30/03/2024 23:45,0,0,0,0
2879,31/03/2024 00:00,0,0,0,0
2880,31/03/2024 00:15,0,0,0,0
2881,31/03/2024 00:30,0,0,0,0
2882,31/03/2024 00:45,0,0,0,0
2883,31/03/2024 01:00,0,0,0,0
2884,31/03/2024 01:15,0,0,0,0
2885,31/03/2024 01:30,0,0,0,0
2886,31/03/2024 01:45,0,0,0,0
2887,31/03/2024 02:00,0,0,0,0
2888,31/03/2024 02:15,0,0,0,0
2889,31/03/2024 02:30,0,0,0,0
2890,31/03/2024 02:45,0,0,0,0
2891,31/03/2024 03:00,0,0,0,0
2892,31/03/2024 03:15,0,0,0,0
2893,31/03/2024 03:30,0,0,0,0
2894,31/03/2024 03:45,0,0,0,0
2895,31/03/2024 04:00,0,0,0,0
2896,31/03/2024 04:15,0,0,0,0
2897,31/03/2024 04:30,0,0,0,0
2898,31/03/2024 04:45,0,0,0,0
2899,31/03/2024 05:00,0,0,0,0
2900,31/03/2024 05:15,0,0,0,0
2901,31/03/2024 05:30,0,0,0,0
2902,31/03/2024 05:45,0,0,0,0
2903,31/03/2024 06:00,0,0,0,0
2904,31/03/2024 06:15,0,0,0,0
2905,31/03/2024 06:30,0,0,0,0
2906,31/03/2024 06:45,0,0,0,0
2907,31/03/2024 07:00,0,0,0,0
2908,31/03/2024 07:15,0,0,0,0
2909,31/03/2024 07:30,0,0,0,0
2910,31/03/2024 07:45,0,0,0,0
2911,31/03/2024 08:00,0,0,0,0
2912,31/03/2024 08:15,0,0,0,0
2913,31/03/2024 08:30,0,0,0,0
2914,31/03/2024 08:45,0,0,0,0
2915,31/03/2024 09:00,0,0,0,0
2916,31/03/2024 09:15,0,0,0,0
2917,31/03/2024 09:30,0,0,0,0
2918,31/03/2024 09:45,0,0,0,0
2919,31/03/2024 10:00,0,0,0,0
2920,31/03/2024 10:15,0,0,0,0
2921,31/03/2024 10:30,0,0,0,0
2922,31/03/2024 10:45,0,0,0,0
2923,31/03/2024 11:00,0,0,0,0
2924,31/03/2024 11:15,0,0,0,0
2925,31/03/2024 11:30,0,0,0,0
2926,31/03/2024 11:45,0,0,0,0
2927,31/03/2024 12:00,0,0,0,0
2928,31/03/2024 12:15,0,0,0,0
2929,31/03/2024 12:30,0,0,0,0
2930,31/03/2024 12:45,0,0,0,0
2931,31/03/2024 13:00,0,0,0,0
2932,31/03/2024 13:15,0,0,0,0
2933,31/03/2024 13:30,0,0,0,0
2934,31/03/2024 13:45,0,0,0,0
2935,31/03/2024 14:00,0,0,0,0
2936,31/03/2024 14:15,0,0,0,0
2937,31/03/2024 14:30,0,0,0,0
2938,31/03/2024 14:45,0,0,0,0
2939,31/03/2024 15:00,0,0,0,0
2940,31/03/2024 15:15,0,0,0,0
2941,31/03/2024 15:30,0,0,0,0
2942,31/03/2024 15:45,0,0,0,0
2943,31/03/2024 16:00,0,0,0,0
2944,31/03/2024 16:15,0,0,0,0
2945,31/03/2024 16:30,0,0,0,0
2946,31/03/2024 16:45,0,0,0,0
2947,31/03/2024 17:00,0,0,0,0
2948,31/03/2024 17:15,0,0,0,0
2949,31/03/2024 17:30,0,0,0,0
2950,31/03/2024 17:45,0,0,0,0
2951,31/03/2024 18:00,0,0,0,0
2952,31/03/2024 18:15,0,0,0,0
2953,31/03/2024 18:30,0,0,0,0
2954,31/03/2024 18:45,0,0,0,0
2955,31/03/2024 19:00,0,0,0,0
2956,31/03/2024 19:15,0,0,0,0
2957,31/03/2024 19:30,0,0,0,0
2958,31/03/2024 19:45,0,0,0,0
2959,31/03/2024 20:00,0,0,0,0
2960,31/03/2024 20:15,0,0,0,0
2961,31/03/2024 20:30,0,0,0,0
2962,31/03/2024 20:45,0,0,0,0
2963,31/03/2024 21:00,0,0,0,0
2964,31/03/2024 21:15,0,0,0,0
2965,31/03/2024 21:30,0,0,0,0
2966,31/03/2024 21:45,0,0,0,0
2967,31/03/2024 22:00,0,0,0,0
2968,31/03/2024 22:15,0,0,0,0
2969,31/03/2024 22:30,0,0,0,0
2970,31/03/2024 22:45,0,0,0,0
2971,31/03/2024 23:00,0,0,0,0
2972,31/03/2024 23:15,0,0,0,0
2973,31/03/2024 23:30,0,0,0,0
2974,31/03/2024 23:45,0,0,0,0
2975,01/04/2024 00:00,0,0,0,0
